0,1,2,3,4,5,6,7,8,9,10,11,12,13,14,15,16,17,18,19,20,21,22,23,24,25,26,27,28,29,30,31,32,33,34,35,36,37,38,39,40,41,42,43,44,45,46,47,48,49,50
249,15,172,18,632,134,3,4,73,647,20,19,505,65,10,39,19,391,22,117,168,98,38,491,106,1,61,175,3,163,160,37,134,42,29,19,37,122,15,33,63,32,1050,43,41,660,16,143,23,32,1059
239,19,183,18,742,115,9,15,81,702,32,68,600,84,20,49,23,325,26,99,216,95,35,523,90,5,68,187,4,189,142,47,141,43,55,29,38,157,12,54,44,59,1061,29,40,754,34,170,31,21,1258
232,11,240,17,766,152,15,14,74,793,14,64,644,76,10,43,25,402,27,173,209,81,33,534,94,5,94,171,17,191,126,53,116,32,84,70,36,161,25,28,43,61,1090,36,45,758,28,134,69,23,1175
274,18,233,12,666,175,16,19,101,881,27,58,623,76,9,53,27,326,22,146,228,152,42,538,91,1,60,241,10,216,190,53,136,18,57,48,52,133,22,31,44,51,1117,46,47,763,30,173,53,22,1207
342,13,312,57,887,193,19,9,95,1033,27,88,625,107,18,49,38,492,9,147,225,138,50,550,100,1,11,204,17,113,151,80,169,38,149,49,57,181,34,32,43,64,1218,54,34,729,24,196,60,25,1325
419,19,239,58,906,139,14,25,69,1390,19,62,651,97,21,74,34,463,22,128,187,139,45,649,106,6,105,75,16,169,186,78,115,43,86,76,54,184,30,32,39,76,1310,40,33,888,40,201,55,23,1557
434,18,284,74,1020,137,22,12,52,1938,23,98,661,104,21,63,78,539,33,156,236,109,44,764,101,3,85,294,16,158,228,79,122,30,95,103,44,170,35,33,59,86,1121,53,53,898,44,224,59,36,1810
360,10,251,53,729,108,11,12,60,1801,128,99,622,72,8,61,63,433,27,128,198,92,47,786,78,10,15,299,8,143,194,58,102,27,48,64,25,144,31,23,37,65,964,37,46,987,21,133,36,17,1971
467,8,371,62,939,168,19,11,135,1315,34,86,659,109,26,66,111,443,23,167,260,88,51,829,132,1,99,325,7,144,234,244,170,18,59,64,27,217,51,37,62,106,1273,66,52,970,35,159,71,29,2411
656,14,517,44,1072,154,23,9,100,1685,42,81,732,112,28,86,90,492,26,153,272,85,37,878,113,1,91,394,12,183,200,303,132,11,55,51,33,203,42,29,64,122,1165,89,48,982,33,158,70,20,2524
1245,21,488,89,1170,174,20,12,125,2254,41,54,775,98,41,84,77,450,20,175,316,106,59,1529,126,2,111,440,4,210,221,357,119,6,69,111,35,196,30,41,51,121,1350,78,50,945,14,121,31,15,3113
1297,15,454,77,1057,123,19,13,110,2489,19,102,1039,100,44,75,148,588,25,174,268,74,39,1775,154,1,62,495,10,264,232,388,107,4,72,85,43,214,38,31,69,145,1418,43,45,1260,6,87,17,62,3819
1274,21,344,61,916,160,13,19,101,2064,32,90,1251,136,28,81,134,1307,25,199,258,83,34,1570,181,3,85,624,8,199,259,349,158,0,80,142,45,243,44,57,67,188,1293,42,63,1466,30,103,29,60,3625
1191,12,411,122,1190,199,25,30,143,1723,48,95,1172,168,13,101,135,922,31,219,328,96,61,1139,173,0,102,588,17,224,241,352,289,4,153,100,48,257,32,94,78,178,1524,37,75,1596,35,135,27,39,3297
1195,28,447,166,1354,202,34,104,146,1133,41,115,1280,256,21,79,98,989,27,219,407,127,47,899,194,5,86,618,11,273,250,383,469,2,189,180,66,322,19,140,91,237,1950,58,57,1835,33,128,29,51,2840
1624,36,604,271,1324,236,43,81,105,1288,57,162,1664,510,44,148,224,1684,39,344,370,149,82,1062,189,5,108,664,20,307,312,356,910,14,273,345,62,439,23,171,124,390,2518,143,73,2719,16,207,42,105,2588
1938,33,756,335,1768,406,38,84,106,1629,68,170,1991,902,101,291,365,1035,64,322,512,252,100,1146,322,6,164,772,22,321,452,437,1260,19,437,511,86,681,55,414,150,652,3381,48,89,3294,46,313,101,152,2302
1504,49,682,296,1747,486,71,91,106,1828,63,200,1857,826,102,286,496,2251,79,381,577,230,119,1142,318,23,156,775,24,384,437,528,1370,25,555,287,55,758,81,726,155,841,3086,133,97,3859,75,438,121,145,2198
1586,41,769,285,1987,548,96,99,108,1908,81,224,1774,832,81,341,465,1596,100,339,697,384,125,1020,395,10,126,756,40,412,454,572,1406,29,418,170,89,687,149,616,185,791,3280,299,116,3731,63,524,135,167,2354
1450,69,770,410,2036,654,109,125,78,1835,97,301,1739,844,105,397,329,1656,150,269,726,375,162,1089,528,20,156,784,37,351,625,537,1305,48,409,176,94,663,189,456,275,781,4821,152,128,3743,114,727,130,125,2475
1200,65,681,271,1775,637,110,101,35,1596,88,287,1568,664,107,403,459,1102,101,213,618,428,140,865,466,28,300,762,37,421,516,420,962,57,316,185,59,591,286,364,244,446,3641,90,100,3184,94,765,120,107,2397
737,116,454,308,2007,591,76,89,55,1048,94,290,1579,509,101,350,291,602,123,199,532,291,161,677,344,32,261,535,47,440,413,328,522,67,273,129,68,485,175,241,242,369,2401,66,82,2411,98,596,149,106,1885
593,87,443,109,1853,451,37,73,63,794,61,299,1345,342,55,255,144,596,73,177,585,353,133,621,336,22,192,619,28,247,347,313,381,89,236,108,76,368,148,141,215,223,1784,154,89,1825,82,324,148,71,1723
390,62,310,129,1598,387,37,43,61,775,73,202,1284,235,66,147,96,695,68,146,481,249,128,581,200,28,87,564,24,201,324,339,298,44,190,83,52,328,84,113,168,176,1231,142,62,1561,73,304,129,46,1676
334,48,276,63,1111,289,15,22,83,665,24,177,1045,217,25,96,79,585,55,142,424,216,116,513,184,30,48,490,20,183,254,254,226,47,90,47,35,253,50,62,153,74,1082,123,52,1210,76,159,33,34,1605
291,51,272,65,1160,192,41,41,67,581,42,102,985,119,12,83,127,392,48,104,459,176,109,560,131,14,31,436,26,239,224,242,175,19,112,25,47,244,54,55,131,88,968,98,55,1173,42,136,57,44,1587
252,49,246,23,927,182,16,19,3,549,43,107,851,107,22,70,44,467,47,116,399,117,105,515,109,6,29,408,10,185,200,251,105,15,71,45,38,264,47,51,69,88,827,54,60,1028,18,103,44,35,1657
189,31,222,12,918,167,8,4,1,485,26,107,616,68,14,51,43,242,33,118,364,92,68,520,93,8,38,290,3,140,137,236,115,16,51,16,30,213,35,39,44,60,770,75,56,722,25,75,34,21,1326
194,31,257,18,736,153,8,3,1,490,34,51,640,53,10,46,28,219,25,130,291,97,57,438,64,1,28,372,2,136,155,197,60,6,36,14,37,144,27,36,49,65,683,40,37,774,33,69,9,23,1293
207,17,241,12,784,177,10,1,0,468,22,68,526,53,12,48,35,308,23,69,247,77,44,420,43,0,13,275,7,189,141,123,49,4,39,8,31,142,45,15,41,44,605,17,36,635,16,60,18,14,1073
198,17,181,14,734,151,4,3,0,446,8,58,479,46,5,32,72,184,25,83,244,79,24,355,38,0,9,273,3,93,135,153,50,4,68,7,29,141,25,12,27,10,662,26,40,672,16,37,18,7,1054
180,7,156,10,672,113,3,1,0,488,18,50,575,59,3,31,19,107,25,72,200,84,22,378,54,0,7,250,3,102,132,164,50,1,39,8,28,120,3,3,28,7,730,26,52,705,11,38,8,18,1170
161,6,124,6,700,118,2,2,40,491,19,65,392,43,3,39,18,178,16,55,214,92,26,334,41,0,8,64,3,162,121,57,37,4,48,5,31,113,1,7,22,5,574,31,38,709,8,34,15,10,1018
167,14,137,12,583,112,1,0,37,373,24,50,381,35,2,25,8,165,21,77,248,56,21,342,43,0,3,50,1,162,76,99,41,0,27,4,19,95,1,14,22,2,459,17,22,617,2,37,9,4,1178
134,7,104,13,581,88,2,0,40,414,11,66,516,48,1,19,33,121,23,41,202,51,14,392,2,0,3,51,1,118,75,88,39,2,38,1,19,98,1,6,19,2,487,10,18,629,2,33,8,4,1076
144,11,97,11,588,84,1,0,47,300,13,52,392,31,0,18,6,152,18,70,254,69,17,349,3,0,5,71,0,151,58,8,34,0,20,4,15,111,1,9,18,6,391,16,20,580,3,28,2,4,1104
149,10,80,8,461,70,0,0,47,249,11,44,311,30,0,6,12,162,17,100,218,65,15,300,1,0,1,58,0,106,64,5,31,0,5,5,18,75,1,7,23,2,434,17,10,548,1,36,2,6,1070
96,14,86,3,436,55,0,0,32,214,17,46,307,21,0,14,10,149,15,66,177,52,29,276,8,0,2,53,1,117,45,7,27,0,6,0,23,81,1,5,16,3,378,12,20,458,0,16,9,5,908
112,10,81,3,426,45,0,0,37,168,18,49,379,31,0,4,34,145,19,63,155,54,11,212,3,0,1,42,1,43,39,7,29,1,22,3,14,64,1,9,13,1,323,23,11,452,0,17,9,2,899
88,9,82,2,343,64,0,0,27,222,28,31,372,26,1,4,5,65,31,63,138,36,26,268,4,0,1,26,0,9,53,2,26,0,20,3,10,82,2,9,20,1,333,17,12,444,0,20,5,3,838
109,12,95,2,383,56,0,0,42,173,22,22,244,14,0,4,5,119,24,74,167,45,12,244,3,0,1,33,0,8,46,3,19,0,6,2,10,55,0,4,21,1,384,5,12,357,0,14,7,4,729
74,6,77,0,327,75,0,0,39,154,16,32,335,19,0,14,26,180,25,67,163,38,15,287,2,0,2,30,1,4,57,7,13,0,8,2,6,60,2,4,18,1,260,14,16,353,0,6,3,3,629
77,8,67,1,303,70,0,0,35,181,20,20,356,18,0,14,2,169,19,46,154,30,4,235,1,0,4,34,0,11,45,7,17,0,3,2,10,54,0,14,24,0,298,8,15,369,0,9,5,2,674
14,7,91,0,91,93,0,0,41,186,2,13,351,14,1,6,23,109,14,78,153,41,18,225,3,0,1,38,1,13,52,8,11,5,13,1,8,50,1,6,22,2,317,4,14,320,0,5,1,2,630
111,9,69,5,295,69,0,0,27,241,8,23,316,12,1,8,0,113,15,55,164,35,12,247,1,0,2,30,0,16,50,6,11,7,14,0,9,62,0,5,18,2,302,12,15,355,0,8,5,3,653
130,6,98,2,284,77,2,0,35,284,7,24,370,17,0,2,2,121,18,52,142,42,8,304,1,0,5,31,1,13,54,7,23,8,4,6,8,56,0,4,15,6,372,11,26,409,0,13,2,5,620
142,3,128,6,350,78,1,0,41,406,17,14,398,28,1,12,3,198,17,78,143,51,20,404,1,0,3,30,0,10,64,6,16,12,9,8,7,57,0,3,21,7,388,14,23,396,1,29,6,4,693
145,17,148,7,376,119,0,0,33,389,9,45,431,27,4,17,6,171,20,49,134,70,11,327,5,0,4,24,1,10,95,10,25,11,5,5,9,67,4,4,25,15,550,17,23,427,0,30,8,6,641
181,16,85,8,322,99,0,0,51,435,12,43,448,34,5,35,7,170,19,40,121,49,19,360,8,0,11,41,0,12,63,8,20,15,9,10,10,76,4,4,26,15,557,14,28,488,1,27,5,9,670
224,19,118,11,420,121,2,0,72,467,19,26,439,33,15,45,7,35,14,54,163,63,34,370,9,0,34,45,1,16,83,9,36,20,20,20,16,113,4,8,24,33,591,18,30,601,1,51,7,10,768
234,24,107,9,445,124,0,0,74,453,12,32,541,53,7,26,5,37,16,113,169,59,27,339,9,1,14,40,3,24,80,22,37,32,10,7,23,139,6,10,20,38,568,99,20,714,4,69,18,18,749
229,29,120,5,474,131,1,0,78,563,17,32,512,77,12,41,8,127,15,105,216,80,44,415,6,0,10,56,5,33,118,24,59,24,19,10,21,188,12,6,22,44,510,103,24,833,0,59,17,12,1023
267,58,138,27,568,153,3,5,96,578,106,35,886,97,36,81,73,377,23,172,190,105,33,399,87,0,19,65,4,49,136,79,64,32,85,42,9,150,11,20,46,50,772,244,49,840,38,77,26,24,1544
317,38,132,31,703,117,5,4,92,559,104,48,794,132,41,82,53,355,28,141,297,108,48,394,77,2,11,61,12,44,97,81,110,32,114,28,25,161,6,21,70,47,692,287,53,927,39,99,17,20,1743
315,32,153,55,801,123,17,2,106,485,112,46,755,130,37,80,49,333,30,150,275,102,70,396,58,1,9,81,7,48,160,62,162,29,124,36,21,168,16,10,45,44,792,273,36,897,32,91,25,44,1703
387,30,179,44,797,127,9,3,104,389,125,66,772,118,46,93,59,314,42,187,301,92,53,389,62,4,79,95,21,45,181,59,164,16,119,16,19,186,17,20,55,62,833,292,42,909,39,119,36,43,1718
362,11,201,61,866,116,7,7,95,577,146,86,797,150,62,72,84,420,26,160,315,117,84,412,88,4,81,99,14,60,195,83,178,24,138,28,25,206,26,31,56,60,768,352,62,938,55,140,15,40,2080
396,25,198,67,784,108,19,10,125,623,115,73,742,130,30,78,54,289,44,159,306,119,88,467,63,0,84,93,15,55,154,62,201,25,148,23,15,228,38,29,44,99,876,383,49,1023,41,136,28,40,2131
286,9,250,74,992,152,11,13,119,569,131,100,819,115,51,65,57,356,31,183,261,88,71,438,95,3,9,94,23,66,235,63,193,20,116,64,27,201,18,25,41,57,915,363,47,1050,55,95,26,38,2156
337,10,219,47,594,84,0,3,70,599,88,53,783,91,11,70,51,290,22,128,241,76,78,430,70,7,15,87,11,54,222,36,103,38,97,15,37,193,6,10,39,63,722,388,55,1009,39,84,21,24,2216
318,20,242,104,511,141,7,14,96,520,134,98,772,120,38,66,77,355,36,176,261,86,75,426,86,7,86,94,19,59,201,87,170,15,120,48,32,217,33,28,37,65,802,332,75,1144,42,92,36,35,2517
387,15,223,79,883,137,8,25,101,440,119,73,694,109,47,71,84,321,35,152,245,91,66,405,72,4,22,82,16,59,163,101,147,25,101,35,20,180,15,37,55,106,608,297,58,1014,28,85,35,29,2586
425,11,193,70,951,141,21,16,106,553,125,90,772,103,39,80,47,449,32,182,296,113,62,494,107,3,107,110,18,57,132,82,166,36,107,22,31,192,23,22,64,52,781,343,58,1116,47,79,27,22,2592
394,10,192,73,843,125,9,6,63,778,98,58,840,89,33,70,49,338,29,174,319,88,67,529,84,3,82,97,11,28,170,57,129,30,69,20,44,203,18,17,44,36,779,343,62,1145,47,90,27,21,2690
416,12,213,59,718,123,10,8,101,714,100,92,1020,109,22,77,37,314,25,150,279,65,95,666,119,2,124,116,8,15,198,36,149,16,65,13,29,228,7,37,49,45,713,381,79,1359,43,92,17,25,2606
389,13,225,75,854,127,19,19,88,609,128,68,888,92,41,59,62,397,23,155,295,74,61,488,132,2,81,84,15,39,184,72,134,23,98,44,35,183,7,25,38,68,745,406,60,1264,53,70,27,37,2525
449,9,207,90,958,157,6,12,79,550,125,62,830,106,33,91,71,226,32,170,333,99,64,576,136,4,104,67,7,24,182,84,184,18,132,27,28,205,5,28,58,85,859,428,72,946,44,101,27,35,2032
545,14,212,93,855,160,15,7,63,622,148,65,867,91,41,109,46,238,19,181,314,105,46,443,136,3,121,131,13,36,169,80,195,27,112,32,37,201,9,52,76,125,923,372,63,1117,39,76,29,42,2105
606,28,216,118,1224,231,18,10,98,642,144,85,948,133,47,112,92,270,32,203,353,125,65,514,203,4,102,135,5,45,218,69,215,26,109,137,52,217,18,54,95,154,899,422,60,1034,49,93,55,49,2041
650,11,303,78,1359,213,14,15,87,768,150,100,1136,133,52,155,94,266,21,180,338,135,72,660,312,6,124,149,17,40,217,88,235,31,149,103,38,219,20,60,131,111,1046,542,58,1128,93,117,34,66,2030
697,13,273,137,1265,239,31,6,92,724,129,82,989,125,64,218,85,365,26,236,312,126,78,646,342,7,123,246,14,42,192,72,293,25,137,118,44,236,23,44,129,145,1124,566,69,1020,90,82,43,44,2017
726,8,362,119,1278,243,51,14,88,740,154,146,1361,110,68,265,124,376,31,226,320,163,80,593,386,5,120,279,8,44,217,81,292,21,127,175,67,230,12,47,167,196,1241,589,58,1164,83,104,43,56,2052
654,10,344,132,1300,316,21,4,85,379,119,105,1557,183,40,289,161,430,29,162,305,150,73,578,358,16,120,273,16,44,249,124,390,17,160,253,49,232,14,48,134,224,1141,629,64,1163,92,94,40,70,2230
577,19,354,164,1253,343,22,10,83,732,169,133,1561,175,61,323,137,370,23,198,298,171,95,562,393,12,140,254,3,49,345,109,345,19,123,248,71,213,18,38,122,215,1434,629,53,1091,84,96,44,90,2057
574,13,334,254,812,321,38,17,67,696,171,112,1829,193,46,338,105,329,17,255,261,189,72,688,363,23,112,216,5,61,249,102,299,18,129,295,70,172,10,19,106,204,960,618,50,1077,103,126,45,85,2044
552,25,321,327,920,340,11,13,76,748,212,157,2074,219,43,262,126,425,11,212,292,263,89,671,291,31,83,340,9,37,260,127,174,42,93,303,79,199,7,27,114,322,1278,698,76,1078,97,101,72,99,2304
366,23,309,118,819,274,10,12,74,688,319,157,1562,193,37,133,106,365,33,191,320,169,103,531,158,19,68,190,4,48,213,86,271,40,99,128,120,205,15,23,53,194,1149,506,91,977,78,151,48,48,2216
334,18,298,81,1229,188,12,4,59,642,334,111,1077,153,21,93,70,422,23,150,197,102,75,456,92,4,67,214,7,42,191,78,169,18,98,74,41,214,25,22,48,109,1057,518,94,898,102,114,26,82,2059
316,37,275,66,952,194,8,11,35,521,370,122,1009,145,13,78,52,284,18,134,289,99,86,439,60,3,60,182,8,49,200,95,200,26,86,68,31,184,28,19,36,75,947,370,87,860,115,81,39,65,2041
297,54,280,49,927,156,20,14,76,468,57,82,962,95,14,40,19,233,27,122,279,105,68,329,64,9,59,132,7,38,218,88,168,18,60,31,81,196,43,16,40,117,851,381,80,769,125,61,16,37,1904
351,51,234,29,717,129,5,4,51,468,56,94,863,91,18,39,23,350,20,117,260,85,55,316,52,2,56,120,11,48,156,88,154,26,63,73,28,193,21,30,40,52,842,336,64,780,120,69,27,33,1875
350,45,175,34,693,133,2,0,75,303,347,82,839,66,14,35,24,289,11,156,235,87,59,375,58,10,50,89,6,40,142,82,130,8,48,60,36,148,10,20,36,54,765,334,58,710,93,56,14,42,1532
341,41,163,28,732,125,5,3,53,175,352,77,749,62,6,30,19,326,20,139,178,103,69,398,52,0,55,68,5,45,116,47,98,5,56,43,30,143,16,20,21,79,737,275,45,740,106,46,20,21,1644
331,35,151,37,673,99,4,5,48,189,369,56,544,56,4,22,8,227,30,119,215,92,53,425,10,3,61,85,4,19,110,52,78,8,62,50,22,127,14,8,28,32,751,297,34,647,79,45,14,14,1794
357,22,126,31,613,130,1,2,45,208,348,59,542,36,1,18,4,248,13,97,196,79,44,397,6,0,52,96,2,19,91,46,57,10,35,15,22,119,6,17,29,44,750,262,28,645,54,39,10,10,1672
250,17,117,16,593,77,6,0,60,476,355,65,482,31,1,10,6,302,9,31,200,55,20,359,4,0,44,102,3,6,88,34,18,1,28,41,15,97,6,10,22,61,781,255,29,660,26,26,4,15,1576
257,11,99,14,465,85,7,1,36,496,303,51,511,43,0,5,10,120,24,4,156,45,22,263,7,0,14,114,1,9,63,24,72,4,19,8,15,83,2,13,19,42,611,364,24,733,25,16,6,12,1471
244,5,92,1,497,88,1,0,78,363,241,43,490,17,0,3,5,262,17,63,161,45,29,252,3,0,2,60,3,3,61,18,55,0,20,40,19,71,1,5,14,43,552,272,23,624,19,22,3,15,1471
207,6,102,0,466,77,8,0,72,346,185,30,374,16,0,3,2,206,2,52,171,47,24,232,0,0,6,43,3,5,77,9,46,3,7,4,19,62,3,15,0,6,520,255,18,661,16,20,4,4,1432
44,5,90,3,482,75,4,0,49,261,183,28,389,20,1,1,2,206,19,53,173,51,14,212,0,0,3,100,0,4,43,13,41,3,7,41,12,64,1,10,0,56,539,234,19,603,17,20,11,5,1507
199,8,94,3,411,60,9,0,82,231,160,20,402,29,1,1,0,202,27,38,168,13,27,186,2,0,2,42,2,5,64,8,42,0,12,26,9,59,1,7,1,44,572,203,18,545,16,11,3,3,1507
177,7,57,0,365,57,6,0,47,253,150,18,369,20,1,4,7,184,19,32,145,51,31,183,0,0,13,42,1,8,43,13,41,0,9,26,4,43,0,7,0,32,516,176,14,554,13,9,6,5,1308
186,6,63,0,390,68,5,0,56,221,122,17,396,23,1,3,2,191,15,48,185,50,29,134,7,0,4,19,0,2,60,8,51,0,8,25,5,49,0,13,2,5,467,165,15,460,12,16,11,1,1375
160,6,67,0,357,69,5,0,53,222,161,22,397,18,0,0,1,199,15,49,166,36,18,104,6,0,5,41,1,1,69,7,45,0,3,0,6,57,0,8,3,0,471,169,16,510,12,10,3,1,1198
166,6,77,3,354,72,8,0,60,231,200,18,429,26,0,4,1,196,23,46,134,41,25,230,2,0,8,37,0,4,38,5,45,0,20,8,5,71,0,4,2,21,438,190,17,494,13,15,4,2,1123
174,5,102,5,362,59,1,0,65,210,231,22,490,38,0,3,12,227,19,55,144,45,22,262,1,0,15,15,2,2,64,9,3,7,1,14,3,52,0,12,3,5,491,182,16,490,7,13,11,1,1011
153,5,127,3,343,62,5,0,61,281,251,18,378,21,0,2,3,261,17,51,159,31,26,205,2,0,5,34,0,1,89,5,42,1,14,0,7,46,0,2,3,3,500,155,20,471,14,23,14,5,978
197,2,116,0,160,72,4,1,44,335,209,16,442,26,0,2,5,219,14,40,150,41,10,181,5,0,6,44,1,1,60,7,43,1,5,1,5,55,1,0,3,46,519,206,21,520,11,28,0,3,979
216,3,142,0,411,95,8,1,71,483,228,22,518,40,0,6,5,344,13,36,122,49,20,235,5,0,43,35,0,6,76,4,43,4,19,40,4,68,0,3,3,30,561,163,16,536,8,29,2,2,1172
286,3,179,0,525,110,7,2,55,414,208,28,579,46,1,3,10,364,14,55,139,46,13,190,2,0,53,41,2,6,109,7,62,2,30,40,6,65,0,14,2,29,542,194,20,584,7,64,3,4,959
274,12,133,0,543,89,6,2,59,215,160,26,503,55,2,6,12,301,13,44,148,51,17,250,8,0,51,39,2,17,84,8,43,0,25,59,6,66,2,7,3,79,579,282,25,678,13,34,6,9,1010
277,13,137,0,627,97,6,0,65,226,161,26,687,52,7,8,16,360,14,72,186,46,30,219,18,0,58,113,1,21,93,15,63,4,34,46,10,117,7,9,0,15,780,300,19,773,9,56,11,6,1201
268,4,137,0,678,102,8,0,67,211,171,39,607,67,1,7,12,395,21,60,165,64,32,257,6,0,62,48,2,24,97,9,69,0,45,17,18,97,4,13,3,33,782,220,31,960,18,45,12,6,1374
312,7,122,2,656,132,10,0,66,230,177,63,644,44,7,2,12,370,14,89,170,33,30,323,28,0,61,33,1,26,100,24,71,2,47,74,10,109,10,15,4,41,778,232,31,924,18,52,24,9,1354
238,27,132,14,720,102,16,5,55,261,201,47,696,69,13,50,21,549,45,105,195,139,34,469,101,5,90,89,13,68,126,48,150,17,123,75,14,213,13,28,43,44,794,227,40,924,38,51,39,27,1453
288,17,136,23,781,115,16,8,74,308,173,50,734,70,5,62,39,677,54,117,177,158,24,504,103,4,85,77,5,83,134,94,120,18,109,109,25,171,9,23,54,50,951,207,34,995,40,70,32,39,1555
265,23,194,33,840,98,32,9,67,278,179,45,789,75,10,92,23,681,46,108,301,167,27,518,140,5,81,97,4,71,105,156,154,9,136,56,27,219,19,27,59,118,768,239,36,968,49,85,20,36,1691
261,27,139,37,812,101,26,15,90,364,198,30,765,54,14,64,20,809,45,87,199,136,29,550,114,2,93,118,7,113,127,124,181,11,119,72,24,201,26,18,32,108,981,236,31,1037,47,67,26,34,1750
275,31,193,13,853,124,29,5,52,384,170,54,836,70,17,135,9,837,47,93,189,177,38,571,132,5,94,81,6,49,108,84,210,7,117,62,26,213,9,18,52,131,1080,303,34,1032,61,52,15,38,1450
335,25,224,22,909,137,43,14,95,587,190,72,923,102,17,98,25,1175,59,126,180,170,36,649,168,3,57,90,8,80,157,138,318,17,142,63,23,235,13,30,47,172,1314,291,34,1047,60,68,19,28,1438
482,21,224,19,857,164,42,15,86,787,174,107,885,76,32,75,20,1108,62,93,219,210,30,822,203,4,105,109,6,103,181,171,295,19,143,43,16,236,11,40,53,183,1269,323,33,1227,86,48,40,19,1627
647,38,193,35,639,147,21,30,73,781,178,99,853,75,20,64,49,1163,41,127,218,182,37,1093,210,9,63,98,6,72,165,176,242,14,167,50,9,208,14,54,48,338,1644,405,25,1425,56,52,31,29,1900
916,35,217,74,946,230,52,32,121,1086,190,106,1116,151,30,99,71,1444,67,113,301,216,47,977,251,3,130,128,14,161,186,260,459,11,275,125,13,282,30,172,65,416,1692,480,52,1643,75,87,33,75,2367
1480,32,281,94,905,300,51,47,121,1338,221,97,1529,246,57,194,109,1759,50,169,480,224,46,1483,238,5,92,102,20,172,170,380,1242,16,359,134,37,424,84,351,69,716,2229,494,49,2225,71,224,68,137,2939
1595,62,344,142,920,402,62,67,162,1416,248,109,1995,458,86,205,141,2138,90,220,622,302,89,1537,282,5,97,155,41,126,225,506,1285,19,475,190,47,566,161,268,66,597,2524,603,95,3087,100,360,70,150,3411
1508,46,424,197,1025,556,73,84,145,1320,232,131,2271,474,37,259,150,2096,136,331,907,379,140,1647,309,27,263,127,81,166,247,562,745,59,661,120,25,629,169,233,116,517,3327,772,119,4757,88,392,80,314,4318
1263,81,446,134,957,483,61,112,62,1427,140,158,2227,492,89,347,239,2484,158,210,831,447,202,1794,397,9,272,212,59,250,482,475,797,54,438,285,62,642,150,138,87,406,2924,1198,121,6106,99,407,83,208,4701
867,46,512,154,812,492,141,157,65,783,247,117,1903,349,112,415,273,2068,158,193,697,508,211,1353,325,20,321,281,90,268,408,397,761,74,466,271,63,539,130,120,106,556,3023,1282,128,5554,127,510,108,169,4785
1074,49,649,301,1255,705,202,151,135,1014,367,171,2008,469,93,396,249,1967,213,397,753,696,188,1168,380,26,454,380,149,356,460,627,767,161,485,390,103,762,185,145,134,522,3518,1111,180,5990,173,685,147,336,5963
799,56,934,293,1783,891,138,148,158,818,510,149,1790,545,116,513,405,1751,211,399,716,720,152,1014,403,36,412,476,107,399,484,647,695,125,488,386,120,892,166,104,133,322,3430,1087,203,4673,231,820,123,245,6543
593,18,1046,231,2043,757,144,118,120,605,603,177,1500,326,115,473,338,1750,129,272,672,708,127,1037,407,29,398,553,55,348,557,621,475,77,386,398,150,608,89,70,121,175,3284,1060,194,2042,181,523,105,231,4918
597,55,824,158,2349,687,128,78,104,651,531,173,1572,376,84,512,335,1592,120,243,605,493,125,959,381,40,305,297,40,231,481,468,451,58,298,403,123,486,113,70,130,306,2367,959,185,2730,174,412,112,176,4120
511,36,730,91,1993,593,79,63,113,686,52,194,1381,346,60,458,238,1339,103,197,486,544,144,899,360,26,223,507,32,300,366,419,303,66,233,238,96,412,53,75,144,253,1822,848,166,2192,157,215,71,128,3442
531,23,635,75,1746,434,55,42,97,636,44,146,1282,279,55,306,212,1102,75,198,444,466,121,785,253,8,197,504,21,242,338,540,254,105,218,200,89,507,47,80,103,363,1514,701,159,2264,114,203,71,122,2883
393,21,490,45,1365,396,72,44,69,660,37,114,1064,287,32,221,216,1085,64,205,373,397,82,858,203,27,166,437,23,242,294,551,280,49,294,144,92,431,31,76,90,221,1247,630,94,2201,88,247,58,93,3189
408,24,421,50,1354,331,69,28,91,674,54,41,1194,265,31,143,250,967,64,219,358,414,84,865,153,23,152,258,33,207,272,434,233,88,216,194,65,452,24,72,88,175,1272,528,110,2205,96,208,35,62,2843
398,14,358,40,1399,262,55,30,77,754,61,33,1102,248,40,133,202,1015,50,235,365,350,78,933,182,21,101,186,15,129,199,369,238,73,134,140,29,350,28,103,81,287,1350,501,87,2266,80,238,52,42,2931
397,14,281,41,1159,229,38,25,93,729,41,71,1073,220,21,76,193,940,52,232,387,443,87,920,142,36,121,214,14,143,214,378,236,82,154,127,47,387,41,70,87,166,1028,451,62,2011,47,205,28,29,2694
427,12,239,23,1017,156,34,22,94,590,40,67,1039,196,6,54,163,868,46,147,366,374,37,740,123,11,94,92,25,116,158,289,162,67,105,98,18,296,24,101,75,153,1042,364,55,1877,31,187,36,29,2464
229,14,166,26,871,147,28,16,47,572,22,39,954,139,13,40,167,940,58,217,411,300,47,636,105,17,87,137,15,118,129,179,243,55,97,71,15,222,37,95,72,144,913,330,67,1606,41,238,28,18,2182
225,5,180,10,715,133,27,12,99,480,20,17,932,111,12,30,72,943,76,92,433,255,32,620,83,3,71,107,14,99,120,173,188,52,104,68,25,226,34,57,53,107,806,339,74,1406,49,143,22,18,1957
129,11,188,11,687,112,25,5,83,327,47,11,746,97,7,35,70,771,63,153,441,251,40,550,83,6,52,91,28,84,104,162,161,48,74,38,9,179,35,50,40,95,835,280,86,1219,31,123,34,16,1690
110,22,151,6,609,116,26,8,48,270,30,10,724,73,9,10,22,577,36,99,300,221,54,445,63,1,66,62,4,32,125,183,143,63,62,57,8,154,29,26,41,51,847,232,63,852,25,58,22,11,1685
67,12,168,9,600,122,25,1,87,175,42,16,705,58,3,13,19,603,55,93,236,203,32,410,85,5,64,74,4,74,114,146,98,54,50,76,7,135,26,23,34,52,745,264,44,761,26,50,15,2,1551
72,5,186,4,561,130,27,0,84,152,37,12,678,29,6,18,17,593,44,92,253,120,39,367,65,0,52,73,5,80,104,115,34,55,45,24,10,126,17,9,31,27,670,274,44,727,31,38,11,6,1597
65,2,126,1,528,126,11,0,68,200,46,4,664,36,5,15,3,642,40,87,242,166,22,393,57,0,41,68,0,64,117,100,21,41,32,16,2,111,15,14,16,16,702,261,35,679,17,33,7,8,1560
43,7,109,2,545,103,6,0,71,158,34,6,647,30,1,13,4,714,26,70,205,130,26,383,34,1,44,88,1,71,100,84,81,24,16,9,6,87,0,10,6,10,680,259,36,570,17,34,6,1,1522
67,11,93,1,495,104,6,0,71,154,14,14,526,25,0,8,0,539,45,40,152,150,27,350,42,2,48,54,1,55,108,62,53,25,24,4,6,91,0,5,1,7,598,255,44,585,13,22,5,2,1392
41,3,87,1,390,78,4,0,43,139,23,0,531,20,0,13,1,508,38,86,142,162,19,343,40,0,30,62,0,49,40,88,5,23,31,0,3,86,0,16,3,6,585,288,32,585,18,17,9,8,1343
31,3,95,0,454,76,0,0,65,98,22,1,585,22,0,9,1,383,45,53,128,159,24,254,6,5,5,57,1,44,70,76,2,29,19,3,9,78,0,6,2,4,545,238,41,494,21,18,4,0,1228
34,2,97,0,433,98,0,0,52,91,30,1,499,25,0,7,7,362,42,74,169,112,24,295,6,1,3,18,1,49,73,68,0,31,17,2,8,70,1,3,0,10,510,201,35,501,21,16,10,3,1282
44,1,76,2,407,67,0,0,68,84,15,1,473,11,0,7,1,392,39,91,134,166,4,250,7,3,8,67,0,57,61,46,32,19,28,2,2,57,1,4,1,7,644,214,23,481,19,14,6,1,1243
30,0,74,4,355,84,0,0,50,70,15,2,428,16,0,6,4,306,39,78,146,154,22,244,2,1,4,48,2,54,46,53,2,25,24,2,2,53,0,4,3,3,569,169,23,430,10,10,5,1,1092
14,0,58,0,288,57,0,0,47,82,7,0,370,19,0,5,1,332,41,67,112,143,33,205,1,0,2,41,2,2,60,45,30,27,7,10,0,42,0,1,1,0,508,131,19,399,10,11,15,1,1108
19,3,56,0,334,80,0,0,56,59,7,3,418,14,1,3,3,287,41,18,126,141,18,202,1,0,3,10,2,40,56,48,0,17,23,6,3,61,2,1,0,1,547,147,25,391,12,6,8,0,1090
23,4,61,2,325,72,0,0,43,57,6,1,344,15,0,5,3,223,33,60,133,125,18,203,2,0,4,22,1,39,57,40,0,26,6,4,1,41,0,0,1,1,522,144,20,359,16,14,3,2,991
25,3,73,0,324,95,0,0,58,81,7,0,366,10,0,2,5,263,32,62,102,113,26,228,0,1,8,40,0,28,47,56,35,33,13,4,4,40,0,1,1,2,469,188,32,332,11,17,5,0,894
32,1,77,1,299,77,0,0,83,67,7,0,332,13,0,2,1,108,30,57,116,82,23,240,2,0,4,23,1,41,71,30,0,16,26,1,4,48,0,3,0,2,518,162,25,264,5,11,7,2,872
26,6,101,1,299,91,0,0,57,81,2,2,321,10,0,4,7,320,34,61,115,86,18,227,2,0,58,17,1,60,70,40,23,0,9,6,3,51,0,1,1,2,425,168,23,330,7,18,6,7,782
24,5,109,1,285,93,0,0,68,97,8,0,385,25,0,5,6,352,29,65,101,75,31,231,3,0,47,28,1,35,57,27,39,0,22,4,0,53,0,1,2,5,491,123,29,367,8,19,7,6,687
33,3,66,1,294,98,1,0,65,143,8,1,363,18,0,4,8,398,19,80,121,78,30,371,4,0,46,22,2,35,86,34,36,0,25,20,0,41,0,1,1,10,542,124,21,155,11,16,6,0,732
37,4,113,1,389,0,0,0,69,147,11,1,383,27,0,9,8,501,33,63,97,106,31,399,3,0,8,24,0,44,73,33,3,0,29,11,0,44,0,4,3,17,741,155,32,415,9,29,7,2,728
64,5,80,2,354,128,3,0,66,187,13,0,439,34,2,11,7,512,23,75,22,107,4,393,10,0,49,39,3,33,78,26,28,0,29,43,1,51,2,5,5,5,908,147,24,673,6,29,12,3,734
65,9,81,4,440,124,1,0,110,217,21,3,560,30,1,6,12,545,23,75,105,116,4,415,13,0,77,41,1,60,86,30,30,1,30,28,1,89,5,8,1,16,1129,7,30,687,11,46,8,5,806
56,15,77,12,451,125,6,0,107,239,18,1,578,44,0,10,6,607,9,67,137,142,2,350,14,1,56,30,1,79,109,29,12,0,22,27,3,86,4,5,14,18,1181,14,38,862,11,39,18,3,1209
132,9,82,0,530,123,59,0,112,242,26,3,562,43,52,10,12,628,11,72,131,143,4,378,11,0,70,6,2,53,144,24,59,0,58,30,7,78,2,5,20,27,1256,106,60,796,18,71,18,5,1483
201,13,230,66,633,142,47,15,111,380,18,17,859,90,62,24,49,596,52,57,196,182,12,415,85,2,11,91,4,162,207,88,64,1,57,87,3,137,6,14,40,30,954,200,63,914,40,55,30,23,1496
217,15,291,73,744,135,58,1,128,333,33,17,932,88,71,42,35,723,34,95,227,193,33,491,104,3,19,124,4,179,204,81,151,1,96,75,6,142,7,22,53,26,1078,267,61,846,35,75,45,33,1354
243,14,302,72,687,110,71,20,123,355,37,24,937,94,77,42,58,708,48,103,238,216,24,615,79,2,19,114,2,160,183,85,124,1,78,85,18,120,6,24,33,30,1087,229,56,984,33,62,32,16,1453
452,14,249,76,744,171,54,42,150,418,37,9,1036,102,83,72,83,912,40,101,224,189,57,664,98,0,23,124,6,209,210,118,132,3,87,93,15,147,12,36,33,27,1102,308,55,1032,43,87,41,23,1646
435,10,303,104,828,117,80,30,109,512,36,15,1072,98,106,71,111,832,16,93,230,201,65,664,80,2,11,135,8,204,214,112,140,9,93,94,20,143,22,37,39,33,1118,451,47,1105,40,79,46,29,1717
509,13,327,88,977,154,79,33,156,557,42,12,1069,113,97,88,120,945,17,100,252,228,45,835,86,1,19,178,13,201,216,138,144,3,98,123,12,139,10,30,48,44,1202,458,63,1046,28,103,50,33,1744
506,9,293,79,888,132,53,35,147,580,36,27,1060,111,69,54,97,1035,38,120,265,252,20,889,95,5,25,164,9,195,248,130,168,1,118,141,18,141,7,21,64,56,1649,376,68,1107,29,127,36,19,1787
585,9,377,91,868,169,21,27,153,742,46,21,1095,98,72,98,67,886,21,102,250,213,17,948,103,4,17,193,11,178,264,142,153,4,110,137,18,118,18,70,54,94,1975,682,64,1235,23,85,49,40,1927
398,6,284,75,702,127,13,26,86,691,20,21,1012,97,50,63,30,1250,41,99,226,241,43,907,90,3,17,216,5,144,201,118,145,11,103,78,8,85,10,43,61,69,1576,671,40,1191,34,113,31,21,1976
939,11,378,103,970,276,30,41,177,913,36,15,1371,117,82,91,114,1527,43,127,256,308,56,1127,150,13,19,237,5,227,220,173,218,5,113,121,25,164,22,124,66,176,2492,461,84,1449,41,136,44,39,2541
854,25,366,72,1080,316,22,23,125,868,46,27,1337,147,88,113,101,1830,50,105,360,288,46,1085,173,11,21,281,7,119,270,174,199,26,122,176,30,157,14,96,62,172,2797,518,56,1460,47,126,71,34,2377
892,62,496,126,1137,443,22,43,159,1218,43,69,1627,235,131,171,164,1378,49,90,359,371,94,1203,308,10,30,451,4,178,382,193,276,34,136,193,39,177,10,133,86,282,4616,1104,83,1884,48,168,46,54,2679
755,104,381,161,1107,468,23,32,105,1165,15,165,1920,305,104,276,229,3034,28,153,340,292,95,1141,342,34,24,658,12,189,440,259,300,56,182,202,62,231,12,105,86,335,3594,985,98,2532,51,201,42,71,2979
808,78,470,197,1397,512,11,32,111,961,25,239,1995,223,139,299,373,3234,39,206,326,370,127,1296,351,52,35,644,11,219,642,258,414,49,239,239,91,222,23,103,109,361,3415,656,99,3040,71,370,40,103,2850
598,76,575,257,1866,571,27,53,172,735,61,232,1716,208,174,299,325,2246,57,209,396,427,109,1076,260,40,45,627,31,318,664,278,364,44,243,331,141,243,56,116,131,525,3160,673,122,3099,127,505,57,116,2783
451,48,844,309,1903,488,26,64,141,637,51,138,1712,263,214,384,349,1962,71,261,547,424,130,914,264,25,52,500,40,323,625,450,592,52,298,302,124,335,84,72,104,573,2495,575,93,3513,117,593,59,145,3062
576,39,874,285,2005,424,66,60,108,472,70,85,1538,274,186,350,235,1456,96,170,445,383,156,873,244,14,65,384,48,185,532,459,498,47,264,362,82,366,52,89,112,392,2046,529,182,3127,117,533,86,123,2651
467,42,906,321,1813,377,162,66,157,457,80,81,1240,240,161,314,272,1427,106,242,478,349,121,663,257,4,55,427,26,288,542,574,382,29,250,340,49,352,71,85,129,316,1920,435,161,2599,82,354,64,106,2388
437,33,740,169,1628,357,167,72,153,343,91,61,1120,198,141,176,190,1250,99,282,525,366,107,698,162,14,50,351,33,325,426,586,308,41,176,327,42,291,83,58,113,301,1774,431,129,2146,78,270,138,78,2337
230,33,705,156,1357,292,115,51,112,205,96,39,1146,156,133,158,156,1026,96,190,466,325,106,635,148,4,31,279,14,286,385,449,240,17,209,137,26,260,65,39,110,210,1659,435,112,2070,69,273,110,64,2011
239,12,578,116,1176,236,118,45,112,188,127,47,1182,152,114,153,172,920,93,144,353,376,121,533,127,8,20,188,22,261,360,304,244,36,154,219,31,268,40,37,112,145,1713,456,76,2043,67,257,135,80,2055
223,20,581,86,1165,263,100,48,151,234,115,44,1186,152,102,142,103,757,81,160,372,292,98,541,126,4,15,203,13,297,282,271,235,9,186,170,17,247,29,13,93,148,1677,391,77,1712,28,206,171,53,1834
204,22,446,67,1034,223,90,39,88,168,98,65,1033,116,80,102,55,881,83,116,366,306,109,540,100,11,26,176,11,278,250,296,187,13,161,140,18,192,32,18,123,150,1555,339,66,1638,35,163,145,51,2191
163,6,352,56,882,215,28,30,92,160,74,25,1101,95,80,127,37,716,58,108,349,319,90,284,117,0,29,184,16,290,233,277,145,16,121,142,15,192,32,23,60,94,1323,388,62,1412,29,122,128,31,2748
131,17,356,42,892,163,74,31,91,153,40,29,975,117,76,66,31,792,55,114,412,312,94,392,93,3,20,164,11,295,222,338,164,7,109,109,19,195,51,17,48,109,1386,409,62,1424,28,115,124,15,3627
105,19,317,20,685,140,80,39,132,182,40,10,1126,77,57,46,43,627,61,107,399,266,90,356,81,1,12,151,5,340,224,471,142,14,111,102,14,192,43,20,58,119,1338,349,62,1324,28,71,119,9,3962
81,19,259,25,672,144,86,43,106,167,37,44,1158,78,54,56,44,711,67,133,493,246,95,393,103,6,17,126,13,319,208,460,133,6,107,92,15,254,80,19,45,40,1277,366,86,1342,27,87,97,8,3812
85,13,293,24,655,160,158,36,69,99,35,37,1181,49,70,38,29,727,67,139,547,187,62,343,62,1,18,142,17,288,227,501,143,6,119,102,17,216,110,20,49,43,1343,323,77,1331,22,89,133,6,3418
115,18,325,17,611,144,152,6,98,106,35,42,1006,50,62,33,29,699,53,91,415,145,58,349,59,1,13,152,15,212,195,321,188,2,82,80,12,157,93,11,44,17,1204,263,61,1039,29,56,139,8,2404
138,17,273,27,602,129,116,2,123,143,40,53,1093,50,66,38,34,603,57,101,325,120,74,278,62,2,10,95,10,233,224,232,113,5,83,71,11,134,75,8,52,20,1128,314,46,962,29,62,121,12,1923
105,13,292,23,562,146,86,1,37,105,29,39,956,63,55,33,24,522,48,81,288,152,83,290,51,1,5,129,4,220,186,253,135,1,79,77,10,118,52,12,49,14,963,267,36,992,17,69,113,7,1550
119,20,311,15,551,3,73,0,68,95,29,39,1055,49,41,29,9,602,46,69,295,138,66,304,61,2,11,110,12,256,167,216,125,0,54,47,18,142,30,11,77,14,982,312,34,968,25,39,140,4,1671
119,3,286,21,569,8,24,0,57,88,34,59,808,82,39,25,3,612,55,78,258,140,62,219,39,0,7,133,4,245,157,201,85,4,28,80,11,123,10,4,55,10,978,317,39,890,15,44,119,4,1591
115,11,263,9,563,5,0,0,144,60,46,11,794,30,40,8,1,593,37,93,209,126,83,361,43,1,9,141,1,157,158,148,90,5,36,9,10,128,8,8,42,12,1028,322,34,911,21,43,109,11,1572
73,5,226,9,454,4,0,0,100,67,40,6,757,19,48,13,3,555,31,41,161,108,4,339,41,0,7,136,0,168,130,90,67,0,32,12,5,112,2,6,33,6,896,283,28,873,11,29,3,2,1454
92,9,166,1,531,11,0,1,124,57,17,0,761,23,42,4,3,463,44,44,192,127,49,301,1,2,10,115,1,170,104,116,86,1,39,7,4,125,3,3,20,7,879,12,33,774,14,19,3,4,1417
83,1,146,6,508,13,0,1,98,36,35,0,678,22,41,7,1,476,31,38,187,111,32,283,3,1,3,107,0,154,69,144,66,1,22,5,7,104,0,1,30,6,784,209,18,720,15,25,11,5,1252
56,2,132,1,458,17,0,2,117,1,15,0,660,17,50,9,1,438,28,35,167,116,31,217,1,1,9,79,1,131,78,126,67,1,21,2,3,67,2,2,23,4,678,0,26,691,14,38,8,5,1538
58,0,126,1,473,20,0,0,89,1,39,0,461,29,31,1,0,404,26,21,186,90,34,241,1,1,6,79,1,120,67,96,39,0,23,4,1,92,1,1,37,3,657,168,19,618,12,27,9,4,1425
46,1,104,1,405,18,1,0,62,11,18,0,347,12,34,2,4,423,27,34,165,93,25,230,1,0,8,93,3,74,60,90,34,0,23,5,4,57,2,0,13,4,544,173,18,665,5,24,4,3,1274
46,0,130,3,402,9,0,0,85,13,25,0,392,19,41,5,2,400,15,23,140,28,34,208,1,0,4,62,0,85,51,69,37,0,19,3,5,85,2,3,24,3,634,154,14,543,9,15,3,2,1185
47,4,157,2,382,12,0,0,36,19,23,0,351,5,36,7,1,355,11,33,142,42,26,214,2,0,7,60,0,96,100,84,40,0,18,1,3,56,2,3,22,2,564,117,26,548,7,26,12,2,1047
54,0,142,1,325,7,0,0,48,13,24,0,343,8,37,5,0,344,30,23,135,47,13,226,3,0,7,51,0,77,91,69,29,1,27,4,0,61,2,0,34,2,496,184,21,486,6,18,9,3,981
41,1,126,0,339,10,1,0,59,22,11,0,331,23,34,10,0,439,33,17,110,46,24,181,6,0,7,34,0,66,85,83,28,1,26,2,2,92,0,3,29,7,532,126,24,494,15,11,8,8,1022
68,0,134,2,267,12,0,0,38,24,10,0,338,24,34,12,1,435,33,20,112,67,17,223,5,0,6,34,0,77,103,60,36,0,20,16,2,41,0,0,32,9,452,138,20,483,8,16,12,8,1013
87,0,150,1,242,16,0,0,65,34,18,0,351,19,0,7,0,474,32,21,124,58,36,300,5,0,8,47,0,56,98,58,26,1,20,16,1,72,0,0,31,4,469,174,24,533,7,25,3,2,992
111,3,162,0,291,18,0,0,44,39,10,0,410,23,40,3,0,499,25,22,105,41,23,379,2,0,13,42,0,62,101,50,32,0,18,4,0,68,19,0,35,15,536,158,20,578,10,29,8,4,930
122,0,178,2,357,26,1,0,83,30,15,0,362,23,57,12,1,607,26,27,110,62,21,354,1,0,12,74,2,63,152,66,31,0,25,16,2,74,12,2,34,15,551,172,17,580,4,43,12,1,845
120,0,183,3,348,12,1,0,65,34,30,0,559,29,0,14,0,701,33,38,125,32,44,311,2,0,9,57,1,67,126,36,32,2,34,22,0,90,3,4,33,16,583,14,18,700,10,55,15,7,889
118,0,220,3,481,19,1,2,93,61,38,0,984,32,68,21,4,734,30,33,139,59,42,372,13,0,21,72,4,100,115,91,40,0,46,20,1,131,1,5,37,20,792,272,29,1032,13,68,21,17,1061
152,0,245,3,487,15,3,0,101,39,45,0,966,34,87,20,8,721,61,49,138,81,60,375,11,0,15,90,2,137,138,126,39,0,48,35,13,149,2,1,31,21,784,226,39,1128,21,54,28,17,1652
136,4,221,2,453,13,6,2,140,47,29,1,801,29,60,31,5,644,64,42,155,100,22,434,11,2,11,83,0,122,147,108,56,0,18,27,6,151,1,2,26,14,828,219,22,1221,12,58,29,15,1619
220,5,299,48,831,19,60,1,119,95,134,30,853,46,82,35,20,823,76,107,170,51,42,453,86,3,17,65,1,114,148,124,82,6,56,38,7,137,3,15,47,23,623,200,42,1166,19,162,35,31,1613
270,6,238,77,936,15,67,2,116,101,140,39,831,76,102,42,20,1009,77,105,185,44,42,528,105,0,20,66,14,181,181,110,102,10,87,58,14,159,10,15,45,49,672,230,33,1166,64,194,36,27,1621
214,4,283,77,886,18,62,0,95,155,123,51,929,59,95,55,11,1307,68,93,178,67,46,441,116,2,26,73,3,173,194,138,73,12,80,53,28,166,14,37,51,47,761,243,32,1280,38,174,46,33,1742
246,22,289,83,873,17,56,0,95,195,124,27,899,65,96,67,38,1161,59,123,163,75,44,550,112,4,14,58,5,207,179,160,133,9,103,43,30,195,7,38,63,83,860,234,40,1291,30,199,146,50,1727
253,21,272,86,844,20,96,1,137,182,117,32,979,66,117,47,17,1206,63,133,197,93,45,483,52,4,11,70,14,168,150,178,160,9,87,59,47,170,11,47,38,87,861,270,52,1262,26,194,171,26,1798
274,37,325,100,1048,15,103,2,164,296,147,74,1109,79,98,71,34,1421,61,127,266,119,43,622,80,6,7,71,15,170,187,210,169,5,95,21,21,204,13,61,52,109,885,259,46,1282,26,188,181,33,1884
510,42,318,89,858,15,75,1,150,402,143,52,1212,95,79,82,45,1624,72,111,248,103,43,614,118,4,18,103,12,194,136,191,154,3,102,78,21,217,18,63,44,99,765,337,38,1363,34,213,163,39,1695
693,41,325,89,1176,6,51,1,130,740,112,73,1378,176,120,130,69,1747,42,137,265,92,63,787,55,4,19,107,11,227,177,259,169,6,73,37,19,223,9,48,63,93,1556,343,47,1411,35,168,168,41,1753
600,26,272,65,840,10,35,2,89,590,96,70,1810,126,96,107,68,2747,58,137,211,117,54,930,152,3,18,190,3,142,161,218,220,4,68,65,24,246,5,46,44,78,1390,402,47,1551,23,186,86,62,1849
447,30,385,153,1129,31,105,5,183,854,123,73,2687,342,135,152,203,2805,70,237,283,169,80,1323,205,1,32,173,7,215,209,259,313,8,177,119,52,290,19,91,51,225,2030,494,58,1908,47,282,179,81,2324
1216,23,425,262,1151,46,66,2,158,1297,129,113,3463,543,280,351,303,2748,77,282,346,365,250,1535,436,19,37,191,6,231,255,267,502,29,354,224,34,424,33,97,81,341,2414,632,66,2868,58,349,313,108,2385
1830,26,446,525,1171,63,43,12,204,1615,187,157,3569,590,302,529,737,3212,74,438,392,464,302,2226,461,16,67,234,13,340,430,398,688,45,546,189,25,676,31,242,104,349,2595,763,72,4704,80,661,428,136,2673
1714,22,313,336,1048,105,65,14,108,1719,210,190,2308,466,224,413,665,3473,68,320,400,553,251,2359,471,28,89,342,7,301,637,592,632,60,835,109,24,756,48,251,120,398,1242,963,63,9716,47,870,270,119,3079
1008,23,424,191,1284,89,34,31,68,570,287,251,2035,273,211,466,663,3122,87,467,383,455,216,1641,461,20,76,462,25,274,583,418,695,60,593,134,33,625,48,229,161,428,1684,1064,111,8577,44,1116,246,150,3269
525,11,639,321,1865,134,62,29,181,762,335,214,1397,239,104,397,494,2127,129,346,468,391,163,1103,333,43,81,486,49,343,509,370,567,69,480,192,63,558,99,150,155,560,1776,900,108,5679,158,964,221,152,3029
886,11,674,378,2065,100,127,130,196,480,438,196,1120,280,60,410,288,2028,178,291,674,366,160,1000,285,59,71,468,49,339,500,526,591,170,391,356,98,577,133,121,215,344,2675,722,145,4083,202,899,201,189,3364
1033,30,763,365,2140,102,157,108,86,588,415,218,1158,176,61,485,239,2471,188,291,961,278,158,1238,189,57,164,520,99,378,507,635,703,109,271,279,87,893,259,117,202,385,2984,690,259,3524,156,1077,189,216,3861
933,13,858,366,2452,118,241,89,135,551,418,225,1153,150,60,555,146,2066,156,255,639,218,139,1126,247,71,106,438,78,320,498,744,603,86,228,236,44,774,231,131,151,446,2652,623,212,3264,144,1096,151,236,2982
797,15,703,305,2192,81,263,66,140,530,392,183,1030,184,39,449,153,1934,131,229,532,196,148,1264,240,45,72,333,90,281,449,700,592,87,182,297,44,666,215,123,141,390,2351,623,232,2949,111,862,170,233,2903
791,18,528,285,1774,67,272,40,113,500,367,145,1288,180,34,345,111,1657,114,183,454,202,107,1224,211,21,47,321,66,312,439,666,478,44,220,304,40,477,155,98,148,237,2104,555,210,2662,83,771,194,161,2587
556,2,563,154,1396,70,241,23,64,675,280,117,1232,128,31,291,67,1803,95,145,313,218,127,1294,174,12,45,220,62,239,328,403,407,61,192,198,33,366,95,90,121,87,1953,523,167,2048,39,386,170,120,1899
451,6,532,108,1488,55,265,28,98,665,210,114,1285,117,35,285,79,1519,100,167,293,139,118,1293,209,21,42,150,37,187,348,305,363,37,163,202,11,331,70,89,127,89,1580,439,125,1618,54,276,183,132,1849
496,6,457,127,1369,37,143,21,78,592,212,103,1359,118,21,312,48,1479,99,103,367,144,127,1247,196,14,48,149,34,188,285,278,345,27,139,128,18,333,48,75,112,170,1751,477,106,1682,52,216,197,129,1545
418,6,365,135,1472,43,144,13,92,422,212,114,1484,155,23,300,79,1695,87,141,365,159,131,991,108,22,60,199,29,191,323,191,229,35,126,184,22,221,56,42,98,67,1577,386,86,1648,53,169,196,88,1788
334,0,402,113,1278,51,78,8,82,398,115,101,1562,142,20,177,106,1564,81,134,408,172,153,821,89,24,65,144,12,211,316,226,272,16,118,136,32,256,34,12,83,79,1374,411,82,1669,37,191,195,89,1697
196,2,336,63,1097,27,107,12,88,432,157,78,1549,107,17,162,58,1364,79,135,439,148,166,754,72,23,67,108,18,198,252,237,213,23,161,115,14,261,26,39,101,55,1362,364,59,1938,35,251,145,66,1887
138,5,333,57,1050,30,97,7,100,367,166,68,1547,115,16,136,88,1108,78,140,436,96,147,600,142,4,53,122,19,129,213,244,183,11,140,83,26,225,35,32,102,44,1182,377,91,1947,39,207,138,63,1810
145,0,280,49,950,18,74,6,107,297,177,58,1358,102,10,119,102,1075,88,159,387,173,108,609,131,5,34,112,22,117,181,199,130,10,95,75,16,224,47,22,76,37,1024,339,73,1784,19,214,173,45,1631
126,4,316,39,906,29,64,4,70,255,156,61,1142,99,7,92,53,786,37,136,415,130,117,487,106,5,27,104,11,121,183,184,134,18,71,46,17,219,39,32,76,34,1051,271,55,1529,33,164,158,48,1438
108,4,250,28,858,19,98,2,89,129,104,67,922,67,9,79,55,864,58,132,301,105,80,536,87,6,19,68,14,147,191,150,93,5,57,32,22,193,47,11,72,22,654,403,33,1293,33,158,165,21,1454
92,0,320,21,912,22,79,1,87,216,109,105,937,71,2,86,42,773,46,141,247,107,73,415,102,8,15,51,12,127,179,155,93,3,70,25,12,207,28,16,65,25,1000,378,27,1321,22,190,163,16,1466
70,0,247,12,910,21,55,1,74,225,142,57,878,44,5,47,25,876,53,127,226,72,50,434,71,2,19,74,6,130,170,185,107,2,64,40,6,177,17,8,33,21,895,326,32,1270,20,156,143,26,1697
94,4,231,10,905,17,40,0,68,293,126,35,752,40,3,28,13,783,40,96,181,55,49,417,68,0,15,36,2,106,160,113,66,4,48,21,8,132,2,4,29,82,821,241,21,1197,28,93,150,26,1586
56,8,203,8,768,8,34,0,75,332,131,75,742,34,1,20,10,686,44,97,187,54,73,326,54,0,10,58,4,91,168,101,48,2,42,7,2,117,4,1,38,66,838,249,10,1125,4,73,16,10,1616
30,12,148,14,643,6,24,1,59,291,107,30,562,29,1,16,4,652,28,88,184,43,15,316,3,3,10,64,0,80,112,93,44,2,37,16,3,131,3,5,29,61,620,282,9,1153,15,81,10,12,1483
42,2,175,15,680,8,20,0,35,217,112,11,558,23,0,11,5,511,41,67,157,45,42,275,5,0,11,39,3,81,86,107,35,2,27,9,8,103,1,3,39,49,490,221,5,957,22,80,3,12,1330
42,0,184,11,576,9,17,1,72,185,19,16,521,12,0,15,5,463,45,88,189,20,48,255,2,0,10,39,3,102,88,73,31,1,42,3,6,114,0,4,31,6,546,170,3,919,14,50,8,10,1460
40,13,161,14,507,7,13,0,47,117,18,5,435,28,0,13,2,434,30,66,151,16,32,251,5,1,9,26,2,107,93,26,25,2,32,10,0,88,2,0,21,5,513,164,1,851,12,63,5,5,1187
26,21,115,2,459,11,12,0,62,129,13,6,548,25,0,19,1,491,36,71,138,12,30,269,11,0,11,22,1,93,99,49,23,1,31,8,3,88,0,4,30,12,450,197,1,733,10,35,15,3,1305
13,15,119,1,393,8,17,0,51,136,21,5,448,19,0,8,1,433,22,68,126,13,31,221,10,0,6,18,1,62,43,60,21,0,21,6,1,88,5,1,45,10,414,130,2,725,9,42,3,1,1146
30,13,118,14,420,9,14,0,52,132,17,17,435,23,0,8,1,409,37,79,115,39,34,218,1,2,5,15,0,83,72,71,25,0,26,10,1,112,2,2,31,4,383,124,0,701,12,32,8,1,1000
46,7,125,7,339,8,11,0,45,117,15,7,437,9,1,4,3,468,38,76,107,32,35,213,7,0,13,23,1,88,52,69,22,0,25,7,3,83,1,1,35,11,371,115,0,628,10,37,6,2,963
27,7,114,3,293,13,7,0,46,114,21,9,415,13,0,6,1,361,23,78,112,10,32,219,5,1,10,12,0,74,86,50,20,0,27,8,0,84,2,3,28,7,388,167,6,593,0,34,6,9,942
28,7,131,2,282,18,2,0,50,136,8,4,432,11,0,11,3,398,13,60,110,35,26,207,2,3,11,24,0,78,57,71,14,0,42,9,1,68,0,1,26,8,265,138,8,555,6,31,8,7,1069
37,4,118,2,283,11,1,0,0,119,19,16,438,17,0,6,0,349,31,53,103,29,42,181,6,4,11,13,1,95,49,81,18,0,25,0,0,93,3,2,26,10,353,152,5,594,4,36,5,5,1148
47,8,109,1,351,10,3,0,0,183,9,3,412,21,0,4,0,341,26,73,103,35,45,224,2,0,6,28,0,76,31,80,33,0,29,10,0,65,2,1,24,16,355,141,6,609,5,29,5,3,1015
63,6,193,1,350,14,1,0,0,248,10,7,384,31,0,12,1,382,29,61,98,34,38,293,8,0,10,30,2,74,74,52,19,0,37,13,0,84,0,1,23,20,542,99,8,613,7,41,5,5,982
85,2,190,3,431,22,0,0,0,302,18,0,450,35,0,13,4,628,25,47,123,23,57,286,6,0,10,31,0,17,82,88,42,0,33,9,0,88,2,3,33,29,402,146,6,682,6,54,8,3,918
74,10,158,4,419,14,2,0,0,321,12,6,428,29,2,12,1,673,44,57,98,32,38,369,2,0,8,33,2,59,8,50,28,0,30,13,7,119,1,2,23,45,531,165,3,791,10,69,17,3,925
66,21,133,5,218,10,4,0,0,371,36,6,500,36,1,9,3,691,34,77,107,27,22,314,8,1,11,35,1,89,70,41,10,1,27,9,13,110,2,4,28,52,578,144,5,872,5,65,10,5,872
71,11,202,3,471,15,2,0,0,334,35,1,643,40,0,27,7,766,28,79,134,51,21,347,24,4,9,23,2,50,91,84,36,0,27,36,11,157,3,11,3,68,641,130,10,900,15,71,20,11,1130
95,8,225,5,463,21,6,1,0,357,38,1,609,45,1,35,12,729,7,68,130,31,42,389,27,3,11,31,3,135,93,71,31,0,52,28,21,143,5,6,1,61,710,225,5,1142,14,75,19,8,1281
128,4,169,4,348,13,20,0,0,431,31,6,542,49,6,49,11,811,27,75,77,48,42,421,27,1,16,39,2,92,66,23,41,1,53,24,8,112,8,8,2,39,775,201,6,1135,30,89,74,6,1179
272,10,290,46,558,17,55,4,0,385,51,11,833,64,9,90,57,804,67,82,185,164,36,428,87,4,12,83,4,98,109,70,129,8,97,57,27,203,6,19,92,72,1016,206,5,1197,32,184,134,19,1259
258,20,360,35,653,23,49,1,1,360,35,10,908,79,8,78,78,840,50,63,134,172,60,473,102,3,16,54,7,23,112,62,196,3,123,130,41,228,7,38,87,49,1084,204,10,1325,40,181,123,21,1404
251,17,396,50,677,19,50,3,4,318,25,16,806,66,18,85,82,964,63,116,177,162,45,521,132,8,16,63,6,24,142,115,220,3,115,133,42,230,14,44,76,76,1162,216,16,1565,21,237,127,28,1485
279,9,404,46,715,18,51,5,53,257,28,17,842,85,8,91,118,823,59,121,142,187,48,501,98,2,12,90,9,19,114,107,227,2,109,122,37,222,14,81,88,54,1152,212,15,1341,55,197,112,27,1426
313,10,415,42,800,11,112,9,192,370,43,13,920,85,17,119,132,878,55,122,164,211,74,503,122,6,18,86,10,34,152,89,206,4,136,111,31,246,17,57,110,79,1143,291,33,1528,24,266,117,35,1484
290,11,438,65,782,15,72,7,139,344,32,19,1020,80,14,111,121,972,79,111,165,215,68,566,139,8,20,84,8,18,155,97,163,3,178,199,83,248,11,79,96,60,1214,295,33,1493,21,277,110,40,1507
305,7,496,64,996,21,75,11,201,431,26,13,978,85,12,111,135,1008,57,132,162,170,79,598,99,2,33,66,12,30,180,159,211,3,130,143,75,240,12,73,94,110,1266,292,28,1695,22,189,115,22,1673
255,6,348,39,687,15,38,7,98,326,30,25,830,56,4,90,134,1030,27,140,147,143,73,578,97,5,17,90,3,20,227,78,150,0,97,199,48,214,8,51,112,86,1071,334,30,1824,7,173,92,24,1619
295,13,566,56,936,18,65,6,175,367,38,20,1057,59,9,104,169,1015,54,158,200,158,51,674,97,5,12,99,23,68,160,141,268,3,125,185,80,251,13,73,102,87,1411,268,44,1945,15,235,99,29,2135
339,6,503,65,938,32,114,6,171,406,30,12,1119,95,3,91,147,924,54,141,202,186,111,644,90,5,26,128,23,79,211,178,213,0,175,157,36,284,11,25,110,109,1320,285,27,2076,27,231,50,33,2334
334,2,472,57,856,18,89,6,179,729,30,26,1008,104,8,91,169,946,48,169,192,193,85,555,125,4,18,135,19,72,193,129,221,6,133,113,35,298,12,21,118,100,1391,336,37,2189,19,324,106,32,2467
249,3,485,46,723,27,35,0,133,756,16,9,1041,64,8,67,135,1168,32,151,204,130,99,625,98,5,10,127,13,31,169,126,187,7,110,141,18,207,6,13,120,61,1110,330,28,2495,13,207,71,14,2520
220,3,395,41,806,23,43,4,122,687,20,18,1034,64,10,71,137,1159,50,202,192,149,67,620,104,6,9,164,13,35,183,99,209,8,113,169,23,288,11,16,108,52,1274,422,43,2560,20,250,55,32,2776
293,5,644,57,1077,37,92,9,213,587,21,43,1178,65,16,99,175,986,44,150,243,219,29,516,122,4,18,169,16,57,183,92,214,2,151,112,62,295,14,22,135,112,1282,321,46,2167,25,219,95,31,2463
350,3,678,79,1043,34,117,7,185,537,32,32,1217,57,13,83,172,1001,44,213,250,156,31,470,104,2,18,119,20,50,203,205,243,7,147,150,93,288,20,28,138,152,1164,432,40,1956,38,207,84,27,2268
394,4,666,69,1097,34,114,2,71,625,41,33,1238,84,6,81,92,1108,51,166,269,209,37,536,127,4,11,154,18,63,247,155,178,2,123,221,81,294,22,29,165,121,1318,411,42,1648,49,165,126,29,2149
416,7,778,113,1347,35,171,3,126,623,55,52,1402,104,13,105,133,1106,49,174,353,192,43,666,136,10,14,186,23,86,308,167,215,3,155,218,96,385,34,27,144,134,1551,545,59,1677,56,229,86,27,2519
332,10,892,113,1600,35,171,6,151,682,36,66,1551,78,8,122,187,1172,52,101,389,246,39,574,110,8,12,187,29,81,321,191,236,11,173,215,119,389,59,42,174,176,1512,574,36,1472,76,157,99,49,2788
332,20,1297,129,1882,52,209,3,156,716,70,38,1699,94,14,122,253,1120,46,201,335,309,44,606,171,13,25,254,30,128,482,273,313,4,203,264,79,368,51,64,258,149,1816,678,49,1601,93,278,112,75,3071
484,28,1181,140,1893,56,195,2,122,928,69,65,2003,118,28,182,398,1380,44,334,311,391,87,743,182,12,24,309,30,141,560,172,409,13,251,214,133,294,71,86,210,284,2035,864,59,2090,120,279,140,74,3303
509,34,1181,159,1859,66,190,21,192,1045,104,42,1989,171,31,185,526,1491,43,236,382,597,87,933,190,9,35,356,34,128,594,288,663,8,335,238,130,438,86,108,235,358,1147,979,49,2575,127,438,167,79,3450
521,34,1251,175,1804,63,194,33,197,1141,100,55,2162,226,37,204,576,1840,48,266,413,670,162,988,247,24,53,390,38,187,699,357,620,6,312,183,165,484,82,107,204,361,1203,755,70,3246,87,487,197,83,3767
632,64,819,195,1636,67,205,56,219,1323,138,65,2093,263,25,242,746,1733,60,291,618,703,201,1053,260,14,56,305,62,221,637,366,535,14,470,276,162,519,127,109,225,396,941,785,86,4121,75,582,217,121,4399
440,98,813,145,1293,64,105,44,163,993,128,50,1642,169,10,151,494,1426,91,193,520,597,121,772,211,48,29,319,49,187,636,346,523,20,344,162,136,458,94,74,170,184,749,737,88,3758,44,422,178,148,3508
398,81,731,80,1201,62,122,44,217,1101,89,28,1335,141,12,149,387,1380,73,159,449,566,114,791,225,12,32,150,58,185,513,278,431,9,332,188,38,463,66,80,180,210,777,370,74,3079,71,393,133,116,3050
388,85,528,100,1053,43,128,25,191,1068,90,30,1246,110,20,128,371,1155,100,109,471,482,72,633,214,11,37,102,68,131,423,113,385,15,250,97,105,361,69,65,157,295,760,622,77,2626,66,437,150,81,2654
360,62,611,89,938,43,129,23,141,873,91,23,1029,92,6,151,320,1048,56,86,364,298,88,648,155,15,26,145,44,112,307,97,334,20,204,123,89,283,66,48,159,200,569,527,68,2286,57,403,129,57,2122
311,36,594,114,855,42,125,9,130,770,55,10,955,67,11,142,315,904,85,127,323,366,85,648,147,9,16,105,36,145,229,118,297,13,153,148,40,288,51,55,149,249,789,374,48,2352,42,433,119,25,2236
340,54,581,110,710,40,126,10,139,498,49,15,894,83,11,91,218,954,70,166,288,256,87,539,148,16,12,69,20,143,206,79,311,5,168,79,41,306,41,34,125,230,846,235,50,2563,22,403,121,25,2248
247,33,476,58,711,37,56,17,61,685,21,13,800,77,5,59,147,841,85,128,232,251,72,521,117,20,20,80,20,91,187,68,267,3,132,85,26,305,48,39,100,249,747,275,56,2435,31,395,94,27,1816
201,32,387,81,726,22,31,10,164,646,29,21,664,39,6,65,93,818,63,95,211,209,30,401,98,16,11,71,26,69,155,55,214,7,108,113,29,214,13,18,92,211,617,304,35,2038,20,219,67,27,1491
161,14,362,52,586,25,21,5,147,642,32,14,699,33,0,48,69,826,49,118,181,215,38,415,82,3,10,52,16,62,174,31,183,9,84,52,20,172,12,11,78,138,472,274,29,1744,16,196,92,21,1532
173,40,363,31,527,22,13,3,130,669,29,13,636,40,1,33,53,840,37,95,181,159,17,400,32,0,9,34,17,56,150,23,96,8,77,69,2,155,10,9,76,158,459,210,17,1622,15,176,103,11,1415
122,8,299,4,515,16,10,0,165,628,27,1,540,31,2,23,29,778,25,75,177,109,16,386,7,0,4,44,11,40,95,8,70,9,52,8,0,144,2,9,55,147,518,230,16,1552,8,186,14,13,1277
84,6,238,0,417,9,12,6,137,556,15,0,513,21,1,9,20,661,32,113,99,78,12,347,12,0,8,43,12,19,94,0,58,4,42,20,0,136,0,5,53,155,395,239,14,1536,8,123,83,13,1303
93,5,302,2,440,19,8,4,158,448,12,0,395,35,0,11,11,569,28,112,165,87,12,271,22,0,7,38,12,22,67,0,69,3,49,21,3,123,3,4,41,142,276,178,8,1223,13,83,85,6,1284
63,6,313,2,395,18,5,0,122,436,10,3,310,35,1,3,8,586,30,74,106,57,11,264,12,0,5,22,9,29,59,2,65,0,51,17,4,95,0,5,37,130,362,196,9,1224,8,89,8,5,1222
59,3,159,0,376,12,3,0,119,338,12,3,346,14,0,8,9,543,24,86,86,63,12,263,10,0,8,36,5,31,72,1,51,0,40,4,1,102,2,1,29,90,316,151,7,991,6,57,9,5,1224
54,2,165,1,381,10,4,0,78,340,11,0,355,6,0,6,1,510,31,59,77,53,12,189,9,1,11,27,7,23,59,1,36,3,42,4,0,99,2,2,31,88,297,174,6,978,5,67,6,9,1125
45,7,139,3,299,8,3,0,57,369,17,1,289,23,0,6,2,498,12,63,60,45,6,201,14,0,6,25,3,15,80,0,37,0,34,15,0,71,0,1,34,48,248,177,6,911,6,67,1,6,956
36,3,147,3,324,10,3,3,87,301,8,3,317,21,0,4,2,508,20,61,65,72,7,225,10,0,7,27,10,16,80,2,32,0,40,15,2,79,0,0,32,86,189,217,11,771,7,48,8,4,936
59,3,160,1,269,12,3,3,58,269,16,1,307,28,0,3,4,483,32,59,64,47,13,203,7,0,3,42,8,13,70,0,27,1,30,13,1,86,0,2,25,51,239,169,10,713,5,57,1,2,1118
37,6,137,3,262,7,2,0,78,276,6,4,295,19,1,2,1,405,24,56,71,36,13,203,12,0,4,31,8,20,48,0,38,0,35,12,0,83,0,2,32,82,261,180,4,724,6,67,5,2,1066
52,7,150,2,246,9,2,2,82,271,7,3,267,24,0,8,3,405,19,58,65,53,16,216,6,0,8,17,10,13,47,2,38,0,46,2,0,76,1,1,22,53,216,128,8,601,3,86,8,1,1051
81,7,58,3,267,10,2,2,70,419,13,4,263,19,0,4,3,368,21,50,55,67,11,260,12,0,6,19,9,14,20,0,47,0,41,12,0,87,0,0,28,120,209,177,7,723,3,64,5,3,1016
86,8,80,2,310,9,3,0,41,580,16,1,275,27,0,3,22,531,27,63,100,50,17,298,5,0,6,22,7,16,66,3,34,0,45,15,0,74,0,3,34,103,224,160,4,682,4,75,6,7,946
92,8,97,0,342,16,4,6,92,668,25,3,327,58,3,8,8,569,20,65,86,70,14,385,11,1,6,27,10,9,71,1,39,1,61,16,0,80,2,3,44,150,336,160,9,766,5,142,9,5,1074
89,8,100,2,447,53,7,1,90,618,21,7,315,41,0,12,9,681,22,62,79,58,10,290,15,0,8,32,7,3,87,0,47,0,54,18,1,141,6,8,26,92,423,188,11,817,2,167,16,7,1003
69,15,65,3,398,21,7,2,73,597,26,6,396,20,0,10,21,738,30,83,92,56,26,376,26,1,7,40,10,18,67,3,61,0,61,14,0,112,49,1,38,15,534,189,9,924,4,121,10,5,900
105,14,74,14,604,40,7,6,144,638,25,2,516,31,0,9,20,730,33,66,141,66,18,283,16,0,8,40,5,20,85,9,68,0,66,17,4,93,65,8,31,124,509,221,13,1072,6,167,33,10,1036
120,13,84,5,624,31,10,0,131,709,21,4,497,20,1,9,39,667,48,67,151,163,33,342,21,0,8,45,10,37,101,2,78,0,70,11,4,107,46,9,59,146,367,205,7,1256,7,159,28,5,1383
100,14,105,3,636,32,20,0,115,649,24,2,623,23,2,16,66,717,28,60,130,162,26,360,12,0,4,44,10,38,110,8,81,0,88,40,4,127,18,2,58,151,400,59,13,1360,7,120,35,17,1456
169,14,309,40,668,22,64,3,160,903,27,10,640,70,4,61,116,788,46,55,177,206,62,375,65,0,11,75,10,371,128,115,122,5,122,27,34,141,22,68,76,158,654,235,15,1352,18,177,45,20,1504
124,18,262,34,760,44,48,2,140,1065,22,9,571,63,6,55,101,762,40,72,150,236,75,394,87,8,7,81,8,376,110,141,129,2,125,102,25,121,17,54,90,133,571,180,19,1407,15,218,36,30,1491
153,7,321,45,812,43,41,5,151,1114,21,10,743,36,4,96,169,767,46,97,198,314,55,424,84,7,9,96,9,383,107,175,154,10,121,47,41,150,40,102,73,143,541,192,13,1519,20,168,45,30,1659
185,12,303,57,833,37,49,8,161,1105,28,15,742,37,7,55,260,855,49,82,189,310,73,511,95,5,5,103,14,408,125,146,184,11,145,152,38,142,22,103,98,162,589,201,9,1673,23,169,38,25,1627
213,8,265,62,849,15,70,11,133,1334,30,8,804,74,3,56,168,896,48,88,230,408,61,555,120,4,14,160,19,427,154,148,171,2,161,136,67,177,25,108,77,206,581,178,5,1834,19,175,59,33,1929
195,13,245,77,942,28,79,1,139,1434,22,13,827,56,17,71,173,897,33,115,210,391,50,575,99,6,20,189,19,356,151,194,243,2,139,118,81,187,23,78,96,163,607,247,5,1741,21,178,49,36,2044
222,18,389,81,993,41,69,4,135,1440,24,13,899,36,14,70,259,980,43,91,255,401,61,432,120,5,13,161,15,433,152,182,265,6,149,157,44,186,19,118,117,226,673,233,9,1895,28,152,38,22,2143
134,13,218,45,865,17,42,1,92,1505,25,10,744,37,9,98,181,1032,27,109,185,266,60,603,99,4,12,198,10,470,130,194,218,5,104,110,45,139,10,110,92,239,550,245,10,1995,21,119,21,21,2124
209,17,333,59,1091,67,71,1,195,1538,31,19,860,60,27,125,356,1071,44,114,220,267,118,536,141,1,29,240,13,501,155,261,280,4,193,171,60,173,18,170,112,243,696,320,18,1995,30,142,44,17,2464
212,10,396,54,1114,49,66,5,154,1486,42,14,894,74,13,102,169,1161,42,101,267,388,78,442,113,4,15,323,13,496,163,223,252,7,201,175,52,208,18,110,85,246,816,335,12,2012,23,173,61,32,2779
310,10,550,73,1190,53,70,4,216,1544,51,19,943,81,13,100,211,1302,27,120,313,365,76,554,136,6,16,266,18,575,175,208,294,0,233,237,102,234,28,144,85,180,887,332,15,2072,58,175,34,57,3020
347,19,591,48,1233,66,33,2,159,1928,28,17,978,49,14,135,413,1618,31,142,340,348,121,722,127,16,27,283,20,646,199,389,268,14,201,179,67,215,17,119,113,206,951,408,22,2552,73,246,45,66,3896
345,17,479,66,1419,2,38,2,106,2084,24,31,1234,82,23,120,473,1938,31,148,315,366,105,730,224,4,24,390,5,894,183,537,194,3,228,244,219,298,21,208,104,174,960,449,19,3203,91,476,22,43,4859
275,13,540,56,1559,65,48,4,142,1982,38,26,1267,82,21,163,266,1767,44,137,356,455,108,622,252,6,41,337,17,888,228,584,293,29,225,289,190,351,40,212,137,290,1076,409,22,3144,97,368,34,65,3776
330,40,585,95,1490,55,59,18,210,1923,65,42,1350,102,29,214,394,1715,30,187,406,497,142,613,229,13,49,292,22,830,242,736,290,14,272,403,97,358,32,251,170,424,1450,377,28,2676,113,392,98,152,3774
470,29,567,126,1441,79,111,9,87,2379,53,51,1443,108,56,345,462,1965,46,228,423,486,225,763,283,14,83,281,19,1009,305,913,397,35,358,463,143,465,28,360,245,417,1563,292,27,3049,186,619,150,109,4359
449,31,569,178,1700,70,134,10,195,2370,77,34,1640,207,106,415,540,1943,40,261,583,580,236,663,410,11,80,308,28,1090,371,1174,431,68,431,609,168,535,82,475,298,433,1868,325,29,3173,130,564,179,136,4091
538,36,647,308,1667,83,174,21,247,2666,60,34,1810,281,87,635,464,2473,50,275,737,777,247,1112,476,18,106,332,25,1180,504,1431,773,84,533,780,180,655,115,425,409,544,2774,297,57,3603,101,574,231,204,3892
705,60,670,481,1395,73,232,16,247,3038,55,34,2297,306,125,796,689,2978,75,422,750,1001,279,1365,556,19,132,335,39,1175,641,1466,877,123,659,941,179,735,172,503,524,892,3508,293,37,5392,47,628,254,170,3744
691,71,549,489,1245,8,234,40,196,3221,56,40,2435,363,108,590,1081,2832,52,581,714,1115,333,1238,411,4,69,248,59,938,615,1153,1044,74,694,680,171,698,210,507,474,883,2592,241,31,6048,41,841,228,138,3016
650,59,564,390,1080,49,193,33,153,3464,56,28,2284,317,73,491,858,2549,56,579,669,1069,305,1344,354,8,56,240,65,812,562,811,1157,67,798,593,147,559,193,571,334,515,2635,258,50,7511,34,850,229,85,2655
490,56,668,192,1082,60,175,18,206,2479,50,22,1743,201,42,367,633,2283,76,336,518,790,218,1165,243,5,42,241,41,632,445,407,994,74,494,460,139,374,138,408,243,628,2256,78,51,4085,35,815,171,85,2157
567,29,604,207,1091,56,148,24,225,2487,68,29,1759,262,37,305,696,2156,88,345,460,868,206,954,231,7,45,201,39,575,402,419,670,53,435,320,97,301,112,346,225,507,2107,98,55,3677,20,798,167,120,1829
477,40,506,153,1155,45,41,13,185,2683,39,22,1450,213,13,287,755,2003,85,310,435,753,164,843,169,9,57,238,33,451,368,383,423,24,401,274,127,299,63,387,241,325,1403,91,35,3654,26,769,157,66,1890
586,45,559,124,925,60,98,10,239,3146,37,10,1440,193,25,224,850,1859,104,304,556,807,203,778,137,1,44,189,40,513,253,505,848,29,435,314,74,259,132,487,176,617,1258,95,42,4173,22,683,116,80,2185
365,77,542,108,845,53,97,17,207,2505,26,10,1348,136,11,170,514,1465,74,344,668,624,207,667,107,8,26,163,33,620,215,568,603,32,322,187,41,309,121,309,165,540,1065,83,40,3963,32,574,49,60,2602
222,61,488,74,809,45,115,13,199,1503,39,11,1169,140,14,149,315,1284,87,216,694,412,213,426,120,6,27,165,68,597,185,584,464,20,248,200,51,245,129,258,152,376,906,73,43,2675,16,318,114,41,2569
210,48,380,73,746,37,86,13,1,1147,28,11,764,80,5,93,162,1199,101,154,527,348,172,616,93,2,16,129,26,508,199,343,318,18,216,134,39,209,104,191,120,228,835,77,43,1785,16,203,108,43,2189
200,27,462,53,776,43,99,6,121,1027,38,5,676,81,7,80,105,1097,48,115,298,307,190,441,87,4,7,139,43,375,150,209,190,8,178,93,49,191,50,117,87,310,665,88,27,1282,15,137,48,44,1801
149,25,420,47,797,53,89,1,0,905,27,11,681,66,5,71,79,1110,40,102,248,285,176,422,78,1,8,146,19,374,153,217,128,8,145,104,21,161,22,152,81,223,755,92,19,1122,16,80,52,32,1626
164,41,487,65,660,39,62,2,132,929,26,11,617,57,6,51,55,847,38,71,198,210,156,374,76,0,6,169,15,331,166,221,114,19,114,74,52,148,21,86,69,151,665,83,19,915,12,78,49,46,1558
164,19,342,28,629,23,19,0,75,862,13,7,715,21,6,37,38,976,31,74,210,222,152,383,16,0,6,144,24,337,137,163,103,8,119,84,32,94,17,86,75,196,419,76,11,865,14,59,33,33,1773
168,17,444,37,640,39,13,4,0,804,19,14,576,16,2,12,30,1006,16,98,221,222,112,360,11,0,7,31,12,323,99,154,96,2,82,63,32,101,2,41,40,193,552,55,19,884,15,45,11,15,1827
113,12,436,20,551,44,6,2,152,749,12,1,485,11,0,15,25,962,18,49,179,133,75,316,5,0,1,142,11,270,54,143,91,2,71,19,13,69,0,33,40,145,471,49,7,833,9,47,10,26,1461
62,11,314,19,449,2,2,4,86,608,12,0,417,9,2,10,20,910,26,67,159,150,50,276,2,0,2,130,10,288,81,101,52,4,61,20,14,73,3,24,18,73,360,55,19,886,13,29,5,21,1569
51,14,318,14,608,17,2,0,123,547,12,0,404,5,1,8,11,703,25,53,168,124,11,272,5,0,6,98,6,303,64,106,82,0,74,15,20,75,0,19,25,65,385,55,16,684,3,14,7,21,1716
35,7,261,10,470,0,2,7,0,554,8,0,339,7,1,6,8,764,21,48,177,110,9,301,4,0,6,111,6,259,86,104,33,6,62,13,12,58,2,22,10,52,329,48,8,646,9,15,9,20,1423
47,19,158,12,463,20,1,0,129,467,11,0,328,4,0,6,12,733,16,50,151,106,58,212,1,0,4,100,10,236,82,100,29,0,56,19,14,52,0,12,18,21,302,42,7,597,4,19,7,30,1306
39,5,230,12,470,18,3,0,85,438,12,0,293,2,2,8,10,652,27,44,27,73,32,151,4,0,7,58,3,213,60,83,23,0,45,7,16,36,3,16,18,16,252,42,8,529,5,16,9,11,1329
31,5,162,4,369,9,1,0,71,470,8,0,226,2,1,8,10,710,13,48,89,86,19,232,2,0,2,67,7,189,47,74,6,0,32,18,2,44,0,7,24,14,256,40,9,479,4,10,3,3,1237
44,8,208,10,366,13,0,0,84,398,8,0,276,6,1,1,13,541,14,38,99,77,36,190,1,0,3,51,15,172,53,59,23,0,52,11,4,37,0,11,33,16,238,39,10,433,3,21,4,10,1067
30,0,211,11,397,7,0,4,70,322,7,0,238,16,0,4,9,600,10,43,82,63,48,204,1,0,4,35,7,193,58,74,13,0,46,14,5,52,1,12,24,19,182,42,9,410,5,8,2,5,1013
28,0,218,5,342,5,0,0,91,343,11,0,242,13,0,17,8,669,21,41,74,69,49,165,2,0,0,7,9,186,65,66,19,0,45,20,3,45,1,10,30,3,264,38,7,407,4,2,3,2,1053
31,11,231,10,307,16,0,0,109,372,16,0,256,23,0,3,7,674,11,41,83,67,32,138,1,0,16,53,5,179,35,67,12,2,47,22,9,69,0,7,22,8,260,44,9,425,10,3,5,1,1011
35,10,175,6,337,19,0,0,86,484,11,0,249,26,0,5,7,645,11,36,88,51,41,211,0,0,9,54,6,159,60,71,12,0,47,18,10,36,0,4,16,5,214,44,3,390,4,9,3,7,1056
54,7,242,0,340,15,0,2,81,687,6,0,273,25,0,7,12,751,13,33,92,65,44,255,2,0,3,49,9,156,84,74,14,0,43,24,3,41,0,6,29,3,206,42,8,384,4,5,3,2,904
80,11,476,24,439,21,0,3,106,767,22,0,263,40,0,9,6,974,16,38,84,76,33,543,3,0,12,54,7,197,88,86,7,0,50,14,6,46,0,3,26,10,347,47,10,407,8,6,9,7,962
73,15,391,38,506,37,2,0,174,809,24,0,299,44,1,0,24,1041,16,48,69,105,30,526,3,0,9,79,6,158,119,83,26,1,83,15,12,60,3,17,45,12,331,53,11,405,13,21,10,11,982
87,23,225,19,490,36,0,2,162,822,28,0,354,49,1,5,14,1123,11,56,72,148,9,377,12,0,8,71,5,182,83,79,35,1,73,28,1,60,0,37,33,30,371,51,10,534,16,28,12,18,937
74,28,334,24,652,145,5,0,174,784,29,0,476,47,0,1,25,1097,18,55,114,167,63,352,18,0,6,78,15,414,100,88,39,0,86,35,22,75,5,48,47,38,477,45,9,562,16,33,77,11,1164
83,29,212,17,621,103,2,0,155,790,24,0,469,48,0,20,28,1082,23,58,117,258,20,370,22,0,12,60,10,478,87,102,30,2,106,30,24,82,12,61,32,48,448,31,11,664,19,40,102,9,1396
107,24,152,28,659,192,5,3,183,882,20,0,473,57,0,14,18,1166,16,66,102,250,75,386,26,0,10,90,15,528,73,122,30,3,117,37,13,92,18,71,47,55,494,34,5,598,14,33,118,24,1394
698,141,406,37,852,129,48,2,284,850,23,2,571,68,12,66,63,1268,9,71,186,290,99,450,20,6,108,115,22,481,146,147,150,1,93,87,286,611,21,140,126,46,642,37,16,1097,12,124,130,54,1337
738,139,373,51,733,142,50,2,275,982,16,6,583,59,13,75,103,1286,22,85,296,311,106,318,23,2,119,115,14,464,121,133,189,6,129,163,311,534,13,119,141,48,654,37,18,1141,28,106,105,88,1453
710,183,374,35,823,158,48,1,302,1022,36,5,485,69,9,65,104,1484,35,72,279,374,106,314,34,2,206,136,16,552,161,187,160,3,138,146,378,587,26,133,163,49,641,52,11,1240,44,85,107,50,1684
799,160,408,70,906,145,67,3,279,1165,36,7,535,81,11,82,160,1594,33,74,337,376,88,467,39,2,208,124,23,546,157,198,244,9,152,162,387,557,35,176,201,57,710,57,19,1434,17,107,121,96,1798
979,137,471,63,948,191,70,14,232,1208,31,15,549,80,21,84,182,1933,14,70,338,343,99,413,92,7,223,168,24,580,200,204,282,6,162,196,454,664,29,198,193,111,774,48,14,1495,49,84,106,84,1772
964,149,317,60,950,220,73,5,304,1466,41,7,633,70,22,125,173,2112,22,88,441,442,107,820,78,4,145,188,22,612,258,232,263,10,186,239,520,764,39,215,244,174,1109,34,18,1571,55,98,118,70,1707
1100,162,451,114,1024,256,85,3,352,1541,40,9,610,58,17,148,243,2422,37,150,472,395,115,1080,100,4,232,173,11,647,427,239,354,6,201,230,536,810,39,226,305,138,1365,64,22,1814,43,107,37,47,2342
967,156,215,48,817,227,57,1,230,1624,37,9,545,39,24,128,151,2587,24,104,455,428,90,1087,77,6,260,224,16,666,246,195,276,16,147,201,553,718,29,175,198,129,1023,43,22,1878,56,140,91,39,1974
1239,181,615,129,988,336,126,5,394,1650,60,16,906,110,40,128,237,3026,40,111,504,429,100,1112,72,3,241,225,27,747,251,277,324,10,237,258,529,888,32,244,230,126,1541,59,29,2213,70,155,115,68,1870
1274,192,449,156,1236,379,129,5,368,1568,56,15,957,127,47,175,368,2800,37,119,555,524,153,917,172,4,217,260,20,724,338,334,340,17,289,257,609,826,106,238,220,123,1678,67,30,2050,20,160,146,85,2611
1737,204,866,258,1671,436,88,7,363,1683,40,7,1397,106,47,264,522,4046,30,122,639,545,157,1498,203,3,298,440,24,826,383,349,305,21,262,458,854,852,79,242,209,207,2764,74,52,2231,25,321,126,94,2543
3116,208,973,375,2069,546,90,13,296,2199,67,24,1956,159,51,395,1007,6165,35,161,719,579,177,2426,278,2,379,523,22,907,575,445,215,68,363,532,1397,1016,70,328,277,330,3938,143,23,2749,39,441,164,117,3060
3583,231,1078,286,2512,469,96,4,270,2412,57,13,2524,167,83,379,782,6583,25,189,796,566,150,2059,190,3,496,712,13,1085,776,366,234,31,474,645,1821,1334,45,365,302,221,1830,205,35,3523,257,830,109,167,3273
3738,222,1249,257,2310,553,112,9,310,3067,54,37,2495,194,52,499,1096,5053,25,198,721,676,221,1964,256,3,453,690,34,1142,869,340,260,34,470,517,1875,1709,71,340,295,312,3428,237,54,3803,267,459,159,239,3221
4829,208,951,474,2361,686,127,24,394,4731,101,60,2465,318,96,608,1111,5681,25,288,819,1105,321,1998,271,21,316,584,52,1165,986,648,618,64,615,767,1954,1739,135,497,368,525,4047,282,62,4560,352,627,237,208,4167
5145,199,1056,419,1963,665,248,29,436,6284,77,45,2370,369,125,716,1214,4902,35,344,1066,1347,373,1680,448,17,424,449,81,1597,1165,842,773,44,698,939,1902,2246,197,723,474,751,3966,300,88,5509,286,644,232,259,5666
5136,233,923,434,2038,793,331,72,658,7656,99,45,2560,448,172,852,1245,4626,62,429,1480,1515,458,2128,485,15,633,551,108,2480,1250,1355,1616,54,882,1119,1801,3116,290,907,545,631,5203,234,115,8507,345,795,309,290,7542
5278,303,756,636,2369,977,403,105,813,8032,74,58,2720,423,172,924,1277,4744,63,455,1992,1620,499,2033,842,28,709,574,161,2981,2219,1674,1804,54,1009,1021,1766,3680,374,1025,649,696,4996,271,110,10776,247,591,337,329,8829
5100,329,996,553,2116,863,463,187,776,8949,67,42,2552,442,150,923,1276,4356,72,450,2069,1386,474,1873,645,17,854,567,225,3301,1995,1678,1999,65,1098,760,1406,4221,507,1031,549,586,4450,633,161,11452,210,798,306,329,10196
2921,385,948,418,1879,740,385,143,790,6528,70,37,2414,356,95,903,1172,3652,77,382,1986,1027,443,1495,675,17,752,496,215,3391,1423,1588,1445,43,816,569,1213,4352,459,725,548,530,3598,1379,138,11195,181,734,295,303,8981
2172,344,885,332,1619,672,297,80,499,3190,43,37,1879,158,91,628,819,2335,69,369,1532,880,352,1093,369,19,633,397,114,2231,987,875,832,50,652,445,1101,3145,261,435,426,253,2638,1082,113,7516,176,292,271,249,6376
1212,399,778,193,1870,554,238,55,360,1961,52,25,1279,180,54,477,527,1800,48,259,1040,781,295,679,239,35,497,316,110,1335,849,576,462,36,368,292,1005,2149,143,240,437,160,1833,730,110,4506,123,273,215,194,3278
1034,436,535,135,1813,455,169,25,349,1783,77,7,1081,132,64,375,399,1547,23,189,765,595,264,574,122,19,530,260,51,1087,587,402,360,16,347,228,804,1420,115,192,334,85,1286,613,89,3498,93,176,233,200,2711
945,365,550,95,1658,360,87,39,375,1655,55,15,1051,76,61,243,262,1430,41,171,669,442,210,486,38,14,428,269,22,933,551,345,369,10,301,170,946,1319,109,166,360,71,817,445,53,3419,114,146,158,183,2398
837,342,640,41,1457,313,172,30,330,1381,42,19,958,154,34,178,260,1312,33,131,589,547,177,442,94,14,314,183,26,803,432,249,339,5,278,157,878,1289,110,164,312,57,853,290,77,3205,113,137,133,154,2334
738,322,575,52,1167,225,215,23,291,1342,20,10,811,118,42,174,241,1198,28,127,636,465,160,376,39,10,296,171,19,761,312,275,363,8,249,112,727,1174,74,137,264,49,762,95,83,2281,86,187,104,106,2231
693,328,565,24,1082,222,139,4,273,1211,48,19,781,101,27,131,187,1118,27,107,678,430,105,352,45,17,264,127,35,704,294,212,297,18,193,98,531,1186,77,112,108,44,530,477,53,2393,79,203,112,58,1811
634,234,566,38,903,150,124,7,238,1147,34,4,695,110,12,112,128,1116,27,96,685,376,131,407,37,21,171,138,15,626,234,240,199,5,171,48,476,894,102,94,256,42,437,77,52,1898,50,216,134,42,1736
604,231,483,37,888,146,108,9,204,979,25,4,506,75,8,72,104,1126,27,98,500,323,138,377,19,7,137,104,19,541,222,237,183,9,131,38,414,732,77,63,66,51,696,266,51,1581,47,136,132,44,1555
532,164,450,45,934,176,123,3,231,850,37,5,578,63,11,59,87,1173,11,77,459,245,100,405,24,0,162,133,19,582,228,177,184,10,134,32,363,715,29,53,84,30,624,377,57,1547,21,84,126,34,1649
509,135,434,34,876,136,86,7,216,942,23,10,445,65,7,39,46,1031,17,87,418,127,111,336,4,0,111,71,16,479,203,232,157,1,99,36,336,598,47,53,64,33,570,406,34,1377,23,110,116,17,1726
448,137,386,46,828,109,35,3,261,897,26,2,423,38,5,35,55,1106,8,57,366,174,96,279,9,2,101,115,13,498,234,165,96,1,70,24,311,495,25,35,42,25,509,360,29,577,25,52,81,16,1705
417,113,357,27,708,97,25,1,205,902,14,3,387,29,6,44,40,1034,5,72,339,152,73,310,7,0,98,77,11,440,208,131,63,2,69,16,272,407,13,42,53,22,391,374,26,1003,21,50,89,14,1618
358,104,342,23,690,72,42,1,221,768,22,6,366,30,3,30,26,989,7,47,337,127,55,301,4,0,124,70,7,470,170,99,60,9,75,19,255,378,9,27,54,33,441,315,13,981,11,41,84,14,1703
386,75,325,21,581,78,7,0,175,768,12,1,323,28,0,21,20,888,2,68,248,93,43,293,5,0,108,97,6,432,203,99,27,3,53,8,280,373,4,24,32,16,334,364,13,972,1,20,75,10,1424
286,70,180,17,571,66,7,0,218,638,17,2,224,29,0,17,14,743,0,92,193,72,28,222,2,0,89,94,7,459,205,2,46,3,56,10,286,379,1,14,28,11,316,301,23,790,1,11,74,17,1573
281,36,140,20,548,57,10,1,86,528,10,1,209,9,0,12,17,667,4,43,185,130,5,208,2,0,73,85,11,431,137,3,28,4,74,9,266,318,5,11,37,11,320,27,18,808,13,13,4,16,1474
184,58,288,10,526,46,13,1,215,516,16,1,269,13,0,2,15,672,4,32,178,73,37,191,5,0,18,69,14,411,135,0,28,3,48,0,240,280,8,18,30,21,250,124,15,790,14,12,3,22,1301
222,84,266,11,493,65,13,8,196,457,10,1,239,16,0,15,3,669,0,31,192,68,53,168,6,0,22,31,7,339,116,1,19,3,59,6,198,261,1,20,39,12,288,115,18,767,19,6,1,21,1183
247,81,189,10,380,37,1,0,128,426,16,1,241,14,0,4,11,623,3,39,159,54,18,193,0,0,95,45,3,363,139,10,19,4,41,8,201,236,4,13,33,23,211,8,18,723,12,15,3,20,989
226,79,238,13,398,53,7,0,162,446,9,0,264,20,2,0,14,602,1,53,241,48,28,190,0,0,59,47,6,332,135,0,33,2,50,19,163,251,1,14,21,4,256,121,13,619,8,18,6,29,1097
226,63,142,12,379,48,14,7,137,392,11,0,221,24,1,2,20,569,0,15,193,39,42,156,2,0,73,39,1,312,105,0,4,1,49,10,146,157,0,8,27,23,203,111,15,602,9,8,10,12,1010
211,60,260,8,382,35,2,3,133,441,9,1,164,18,1,1,14,638,3,22,198,65,33,198,1,0,37,51,8,288,35,1,11,1,30,7,117,168,1,12,40,19,197,31,8,540,11,6,5,9,834
227,63,166,8,374,40,0,0,113,390,4,0,177,16,1,1,2,658,3,21,165,75,39,165,2,0,35,39,15,279,139,1,8,1,52,9,100,205,2,11,18,10,209,109,15,529,5,11,3,18,926
226,64,257,14,387,40,10,0,127,465,10,0,157,31,4,1,14,617,2,20,191,43,2,134,3,0,85,33,10,304,143,0,2,0,50,28,127,175,3,10,31,18,156,176,17,523,8,5,5,14,983
326,75,222,8,391,48,2,0,142,711,7,0,172,29,9,0,22,712,3,19,205,60,5,248,3,0,54,36,12,318,175,0,12,0,54,34,141,194,2,16,32,7,184,173,11,517,5,7,7,14,958
512,73,375,15,335,75,13,0,166,810,8,0,188,43,8,2,36,908,2,38,203,46,2,243,1,0,160,46,13,380,46,0,10,1,73,45,133,198,1,9,42,18,270,0,11,624,8,5,9,16,923
497,114,295,25,435,77,11,0,179,852,24,0,269,48,7,0,32,976,0,30,191,43,8,269,10,0,162,54,3,356,199,0,25,1,85,59,160,238,1,16,45,31,244,173,14,670,7,12,9,11,966
565,121,316,21,515,99,13,0,163,896,17,0,263,27,7,5,64,1084,2,23,238,89,48,327,21,0,172,62,10,485,202,2,30,1,67,55,201,307,5,61,55,29,382,343,9,812,12,10,19,17,1002
565,100,355,23,645,83,48,2,170,888,28,0,292,52,10,10,37,928,0,24,288,144,72,263,14,0,125,57,8,594,191,8,36,0,54,46,165,395,6,69,64,22,449,251,14,984,17,24,26,15,1184
605,85,286,26,555,80,73,1,245,844,19,3,334,41,12,6,8,1031,4,34,321,196,77,284,18,0,89,74,14,806,184,11,45,2,80,0,204,505,10,44,52,21,465,339,11,1015,20,38,46,16,1640
544,126,224,45,546,64,38,3,280,856,29,1,272,34,11,6,40,1041,2,42,318,163,71,355,11,0,97,60,15,902,178,26,49,6,80,65,238,568,15,46,79,25,561,225,19,1194,11,44,37,55,1772
640,79,307,54,698,843,73,0,314,1850,34,8,394,65,32,119,114,1256,135,58,505,281,97,339,25,49,89,65,19,885,171,623,974,32,127,113,260,536,15,217,147,39,730,258,53,1373,24,107,268,63,2037
635,109,288,52,598,978,70,2,305,1830,29,5,493,58,35,124,142,1312,150,56,583,259,133,346,23,43,196,107,6,897,173,661,1139,49,117,121,280,639,18,224,126,53,589,149,60,1490,37,108,319,64,2048
658,100,332,87,691,1042,66,3,293,2067,35,2,518,47,33,136,181,1408,137,86,605,293,107,384,33,55,47,89,21,889,204,706,1261,29,115,132,298,610,22,234,142,24,607,309,59,1715,21,130,308,42,2206
857,38,257,85,753,944,81,4,280,2338,38,7,579,65,45,176,227,1590,168,69,550,339,116,405,43,52,177,94,23,982,233,700,1425,29,166,179,306,652,31,298,141,91,761,338,71,1632,31,151,286,38,2399
914,95,407,109,875,1073,102,4,336,2626,31,4,656,77,36,168,232,1645,82,138,565,311,162,457,59,62,182,87,24,992,256,786,1548,40,193,235,313,676,38,347,161,72,831,275,58,1819,27,148,308,35,2162
1087,101,424,100,944,1120,122,13,291,2745,22,10,632,79,31,192,229,1867,111,98,599,382,132,499,55,50,176,89,25,926,278,710,1427,27,157,153,347,731,41,406,152,81,945,428,45,1850,30,173,280,41,2260
1111,114,363,110,943,1160,138,10,338,2888,27,20,649,81,28,209,207,1956,149,65,577,354,139,523,18,61,175,100,6,1014,271,659,1389,39,114,332,406,675,19,323,72,91,973,370,46,1896,29,154,316,31,2324
1084,121,434,76,719,986,106,4,239,3230,22,7,627,54,32,198,201,2271,142,64,644,189,110,512,23,95,195,148,3,988,243,742,1263,21,125,223,450,663,19,424,157,81,806,522,28,2085,30,117,277,16,2448
1263,116,552,97,1177,1492,155,5,368,3378,34,7,732,93,35,206,238,2424,110,83,716,386,149,631,54,69,195,171,5,1098,299,828,1843,46,204,202,443,1074,37,479,186,125,1104,456,47,2158,40,188,338,32,2579
1152,114,525,94,1206,1606,240,14,349,3182,36,9,788,96,39,192,184,2001,113,70,762,352,148,540,63,56,179,168,21,1172,318,892,1792,25,208,197,440,811,59,418,164,129,1017,474,65,2071,33,155,311,44,2827
1420,134,622,131,1356,2122,196,15,426,4258,23,7,854,108,43,257,383,1978,141,107,867,420,192,581,83,79,273,227,7,1371,489,1172,1779,47,199,249,533,958,53,508,85,135,1148,446,100,2233,41,213,343,62,3193
1585,143,547,119,1288,2571,194,31,442,5436,24,10,987,129,41,245,405,2084,160,183,1089,388,165,687,61,77,485,256,22,1617,911,1427,1928,33,200,304,547,1092,58,619,96,139,1255,717,99,2543,39,231,371,45,3623
1977,128,567,97,935,2608,187,10,270,5994,15,14,1339,104,67,411,457,2678,198,124,1361,342,122,791,72,165,722,300,20,2072,1314,1757,2573,48,236,374,581,1442,80,802,122,186,1317,864,158,2739,45,127,335,73,4138
1724,137,587,87,1021,2268,261,13,304,4532,32,12,1262,98,64,399,515,2409,251,222,1461,425,133,661,56,122,658,233,15,1953,1109,1727,2774,26,188,346,749,1474,87,723,162,187,1244,908,165,3264,57,209,379,66,3880
1363,126,821,98,1415,2277,304,19,405,3156,55,24,1019,144,67,431,499,2019,266,215,1463,455,303,604,52,147,593,268,81,1738,957,1514,2410,56,191,349,605,1262,145,503,220,149,1331,766,209,2863,82,316,396,74,3536
1711,191,752,110,1325,2064,282,22,330,2880,41,36,1057,211,108,519,878,2069,282,229,1540,511,230,683,81,153,756,251,82,1785,949,1820,2696,91,225,420,604,1318,178,598,293,148,1621,495,244,2794,94,391,381,94,4060
2168,329,710,186,1267,1890,310,21,326,3147,70,42,1046,171,95,477,1250,2539,326,303,1505,340,257,896,93,178,677,227,73,1871,994,2085,3708,86,226,498,687,1546,239,334,398,245,2092,809,272,3594,102,464,381,125,4035
3376,389,802,322,1657,2067,319,43,452,3788,72,52,1089,165,106,551,1237,4043,348,202,1568,368,203,1317,156,244,600,227,62,1869,858,2158,5024,120,250,827,836,1313,287,465,414,345,2684,1238,284,4608,132,555,334,150,4013
3780,524,729,427,1617,2251,308,64,524,5526,73,91,1198,204,100,587,1196,6066,387,335,1836,433,201,1864,168,284,595,198,64,2027,1002,2676,7738,107,321,922,895,1763,429,1764,396,565,3363,1339,222,6225,103,618,291,223,4285
3679,548,719,471,1726,2482,289,59,534,4839,81,52,1326,214,147,793,1104,6737,425,301,1409,490,229,2003,188,349,491,105,75,1845,1358,3024,7235,123,352,871,1063,1842,348,1539,455,427,3277,1355,267,6476,165,744,316,243,4122
2907,419,707,471,1562,2599,273,44,372,4296,78,60,1601,252,153,896,832,6300,496,231,1450,475,228,1465,262,353,424,382,65,1803,1416,2335,6481,210,417,882,1218,1701,271,1375,478,303,2912,1378,257,7141,130,924,462,252,3737
2168,335,789,408,1856,2811,290,29,406,3334,80,45,1557,263,219,839,543,4876,460,302,1239,590,227,1167,236,319,318,337,53,1548,1385,1979,5017,181,492,733,1365,1755,230,1217,361,244,3055,1323,194,6236,138,1009,544,235,2819
1824,312,664,181,1804,2909,262,37,411,3357,88,36,1650,250,250,837,484,4562,404,296,1109,622,239,963,249,302,169,313,44,1562,1283,2035,3925,173,612,719,1539,1696,201,939,477,224,2734,1159,209,6282,199,599,621,252,2801
1862,290,653,210,1708,2490,151,25,443,3315,77,27,1907,248,255,707,583,3707,471,404,1201,755,226,737,264,340,261,302,36,1560,1022,2105,3693,124,441,567,1917,1831,194,759,303,226,2109,1026,185,6337,232,518,783,144,2896
1305,111,735,170,1699,2011,160,23,427,3014,43,25,1458,187,141,534,571,2946,444,280,1125,813,196,577,299,206,186,254,45,1349,797,2038,3045,106,463,393,1905,2101,189,586,239,203,1764,823,218,4741,221,392,792,105,2714
1094,46,653,158,1371,1459,207,21,402,2722,53,39,1255,138,100,391,357,2524,394,214,1237,639,156,535,180,177,210,230,42,1242,570,1751,2731,79,297,279,1040,1572,197,549,233,138,1411,704,143,3995,138,354,532,57,2537
952,81,626,120,1329,1334,182,18,112,2421,61,17,1062,103,69,269,177,2031,363,139,1202,590,161,536,112,115,228,193,45,1129,470,1699,2187,86,242,220,726,1260,182,621,202,169,1232,637,129,3277,80,365,453,59,2471
814,66,591,86,1165,1224,178,10,309,2212,61,10,847,103,61,206,116,1804,304,114,1146,424,140,444,88,103,187,146,30,1053,431,1301,1884,55,184,157,467,1057,172,442,120,104,1152,411,118,2511,49,230,327,19,2196
757,141,482,72,1084,1117,161,5,198,1889,35,4,691,101,49,174,78,1505,261,89,888,385,142,449,23,71,160,127,22,830,405,1027,1366,52,170,138,459,748,116,177,144,93,929,544,104,1802,42,150,383,32,1918
865,141,518,51,972,1049,116,5,265,1897,46,9,562,64,26,155,58,1495,196,54,700,268,160,394,29,70,133,120,15,780,325,753,1222,35,113,116,420,611,74,307,119,102,657,466,52,1697,24,168,261,26,1554
813,150,447,59,702,1149,78,3,252,1795,34,10,479,76,20,112,44,1304,182,52,653,231,131,336,27,53,126,116,20,757,275,656,991,43,99,80,370,566,66,260,97,70,722,469,53,1522,29,84,348,19,1523
747,109,360,45,771,1043,56,5,258,1660,30,11,487,60,24,114,60,1210,155,51,550,236,109,323,14,51,130,93,16,683,228,512,766,25,80,72,351,463,34,213,104,57,620,467,55,1488,25,79,252,7,1434
656,110,466,35,674,1026,37,4,223,1636,28,3,445,36,20,116,52,1346,166,51,599,208,135,306,15,58,106,90,18,738,237,374,708,31,92,71,317,38,34,187,82,70,597,452,56,1521,18,67,308,1,1437
622,59,404,25,616,978,13,0,257,1407,28,2,370,30,21,91,28,1234,124,49,556,148,123,265,10,59,113,98,12,698,190,517,734,65,82,63,309,437,11,186,111,30,507,379,50,1444,22,47,241,3,1592
549,159,327,10,620,769,6,0,192,1348,26,2,281,39,17,83,31,1155,119,37,439,140,102,314,4,51,105,80,8,746,174,513,707,37,64,35,319,474,6,184,0,49,442,426,50,1407,23,31,245,3,1526
472,26,268,25,579,864,0,0,232,1090,30,1,243,26,11,88,21,1006,107,33,466,144,98,224,6,45,82,95,15,631,134,455,587,45,88,21,260,391,2,143,106,33,474,369,46,1199,23,25,209,0,1686
387,42,132,20,570,701,0,1,186,957,22,0,272,31,13,84,22,880,91,17,394,128,69,207,0,35,87,83,7,653,135,384,536,12,60,45,243,321,1,140,62,29,461,315,49,1089,13,30,198,2,1658
364,53,124,10,474,589,0,0,122,816,32,0,219,22,7,66,31,857,81,1,381,84,76,182,1,24,84,64,12,573,114,411,506,25,67,31,238,327,4,103,66,13,407,276,41,1020,10,37,171,2,1250
292,58,124,10,465,543,0,0,178,803,21,0,238,24,12,58,27,866,84,8,382,89,68,162,2,21,72,59,11,572,62,420,442,11,48,16,193,266,5,96,70,11,300,284,26,851,7,35,151,1,1280
237,70,67,8,329,357,0,0,121,700,18,0,195,23,8,43,52,751,91,4,308,66,54,148,0,28,75,45,5,569,90,395,381,15,53,22,186,223,1,93,49,12,328,258,32,780,19,26,155,4,1081
272,64,106,4,343,387,0,0,149,679,20,0,195,7,15,42,16,780,89,6,293,81,61,138,3,33,61,44,6,529,104,374,330,12,57,22,164,233,2,77,56,25,254,217,26,745,13,16,144,3,951
287,52,83,13,344,399,0,0,145,632,9,0,197,14,9,70,27,739,69,10,297,47,54,136,0,28,77,50,9,466,100,297,303,7,63,23,128,215,2,84,61,20,281,234,21,701,10,30,154,0,929
292,68,34,11,345,338,0,0,125,726,15,0,193,6,7,47,24,724,81,6,257,73,81,128,1,25,77,35,1,430,86,298,314,13,54,16,122,239,0,71,54,25,317,239,27,655,13,12,113,1,863
316,91,41,10,315,374,0,0,126,705,9,0,187,10,14,48,14,721,53,4,256,57,77,146,0,21,62,34,4,446,91,296,319,31,44,23,125,220,1,81,64,37,281,207,37,633,7,21,96,0,973
288,55,211,8,370,361,0,0,29,782,10,0,191,11,9,48,13,804,71,8,276,61,70,152,2,25,68,35,8,445,79,317,302,19,51,19,123,206,0,90,55,47,253,223,18,646,9,26,82,2,906
411,77,266,16,311,457,3,0,140,1210,5,0,161,9,9,43,29,858,65,4,230,68,75,160,1,22,74,34,8,493,110,279,333,20,54,27,123,215,3,64,56,38,198,194,11,697,3,27,92,5,1063
530,64,218,27,310,550,7,0,130,1454,21,0,150,8,8,53,36,1150,97,5,258,69,67,266,5,26,113,26,5,497,173,278,378,25,51,29,138,230,5,85,52,39,298,208,15,821,17,5,76,2,808
609,127,273,26,413,793,9,0,153,1475,25,0,192,17,17,89,49,1543,47,7,312,88,62,309,6,23,116,39,2,453,167,282,487,17,68,39,156,238,4,79,85,50,450,254,14,905,4,7,113,4,943
690,146,294,28,385,773,35,0,122,1624,32,0,243,16,17,105,60,1626,64,2,326,186,57,339,12,25,74,52,3,443,213,302,637,30,78,37,154,437,8,105,105,67,451,314,20,989,8,15,133,2,1004
688,145,253,32,480,917,67,0,227,1556,32,0,360,17,7,105,59,1602,83,11,380,230,116,308,25,42,123,34,1,589,180,415,697,31,101,50,171,414,5,127,94,49,549,305,17,1264,13,21,239,5,1317
616,117,300,33,480,918,46,0,199,1559,40,0,331,28,21,93,92,1703,104,16,433,208,169,319,14,47,114,35,0,684,175,502,868,27,86,65,251,422,14,171,49,59,390,300,27,1573,0,10,276,4,1746
699,16,207,25,485,879,51,2,271,1778,53,3,334,24,19,108,104,2029,130,11,483,194,167,344,34,43,122,82,3,754,191,561,980,47,92,75,280,493,17,133,120,78,530,296,30,1741,21,21,291,9,1724
937,53,129,62,769,870,512,0,67,1954,76,12,1157,47,60,126,149,2346,128,667,555,181,181,364,16,82,186,92,9,667,211,518,1202,34,118,131,467,487,9,243,110,695,637,311,48,1691,206,143,232,57,1543
862,123,144,101,828,957,662,1,215,1900,76,10,1159,65,57,169,110,2356,143,734,599,231,183,357,12,81,211,93,4,653,260,587,1148,36,130,157,453,521,24,217,102,668,759,288,33,1793,258,172,369,41,1443
947,80,147,97,898,979,732,0,224,1946,77,9,1350,44,66,182,190,2565,147,649,632,227,179,369,20,75,285,136,9,819,338,622,1261,49,140,187,517,594,16,223,127,705,768,372,56,1919,286,168,380,53,1569
1066,72,175,83,988,1007,731,1,234,2333,77,13,1667,53,81,204,224,2971,149,763,611,233,181,545,26,84,259,138,15,756,383,626,1395,41,192,189,527,747,20,256,125,785,987,408,45,2123,222,215,269,51,1798
1209,73,182,117,1016,919,762,6,246,2516,74,18,1537,75,71,201,257,3628,145,825,648,259,177,465,32,82,239,189,15,799,366,712,1409,45,158,228,479,638,21,236,127,881,1124,337,52,2085,263,201,374,55,1965
1603,115,376,134,1253,982,811,2,275,3105,60,12,1590,82,83,215,283,4858,143,913,754,258,178,774,30,102,274,293,21,869,495,734,1548,50,196,266,514,736,15,339,136,1093,1501,451,66,2196,245,257,428,53,2302
1724,115,405,190,1480,1112,824,1,238,3500,72,6,1662,101,80,248,330,5683,162,1064,868,285,191,897,55,104,321,412,9,993,612,763,1566,75,181,274,443,734,30,351,156,1240,1456,390,54,2576,310,220,300,53,2318
2332,97,388,183,1531,1216,1024,2,324,3623,99,18,1794,77,68,205,364,6964,183,1121,879,304,209,1151,44,137,467,385,14,947,799,826,1751,69,222,300,798,903,33,414,190,1649,2114,496,43,3005,602,208,406,54,2602
2048,103,276,101,1202,1132,1015,6,279,4304,84,12,1990,64,61,221,344,5771,157,1300,961,273,213,1251,8,130,619,391,10,1154,656,998,1705,78,155,312,812,795,28,508,146,2092,1783,608,54,3413,427,123,393,29,2895
2441,115,425,177,1696,1465,1041,5,193,4204,101,17,2291,127,85,320,509,4672,216,1421,1086,404,273,995,36,136,651,337,13,1225,956,1025,2275,86,223,375,1162,913,51,615,197,2491,1894,448,65,3717,980,213,536,70,3496
2728,161,417,217,1678,1635,1094,7,478,5492,87,25,2603,141,91,475,668,3985,255,1684,1099,436,242,1022,27,140,772,288,25,1285,1227,1328,2488,99,269,375,1608,1067,81,735,182,2999,2124,654,75,4933,1328,183,584,83,4260
3401,467,434,175,1854,1943,1377,18,700,8233,87,29,3157,143,100,653,687,3913,318,2306,1371,457,402,1230,25,158,821,234,33,1474,1631,1898,3350,240,281,586,2030,1282,101,836,243,4285,2605,833,90,6424,1516,417,830,117,5179
4240,631,463,194,2040,2569,2051,30,603,10480,73,19,4746,121,114,839,1056,5220,448,3343,1819,373,255,1344,32,202,1342,218,38,2279,3084,2939,4869,320,243,816,2558,1763,103,1281,246,6712,2343,1163,104,9140,1907,401,949,181,6853
3573,235,483,122,2217,2178,2432,25,469,8109,102,11,4383,96,135,936,820,4148,522,3456,2189,489,251,1147,31,214,1058,282,34,2477,2520,2986,4894,204,272,714,2255,2144,112,1154,247,4955,2933,1250,103,8709,1449,483,919,138,7106
2504,202,481,198,2599,2472,2378,29,425,5862,104,25,3709,129,146,847,694,3556,438,2887,2142,638,169,803,36,210,822,300,51,2361,2463,1916,4082,201,279,513,1678,1702,196,800,274,3677,3008,971,104,6469,1075,575,825,195,6530
2668,214,639,324,2736,2403,2558,32,427,5358,142,28,3837,129,147,854,1008,3752,582,3143,2590,622,194,800,145,243,690,247,60,2463,2513,2821,4492,123,364,773,1378,1852,287,876,288,3679,3100,1344,132,6131,853,712,832,232,7155
3148,249,776,287,3084,2869,3368,19,444,5206,142,23,4875,239,142,855,980,4208,658,3459,3062,883,269,1031,213,349,648,339,69,2655,2367,3753,4679,180,529,918,1506,2084,312,934,382,3669,3429,1509,167,7004,966,907,973,267,8228
4688,228,709,610,3365,3136,4478,37,505,6700,191,22,6374,227,198,1126,1249,5587,805,4090,3746,943,319,1060,296,430,550,339,98,2898,2163,4360,5937,172,826,943,1456,2615,536,1289,389,4406,3799,1668,288,9043,1044,1380,1310,307,8398
4785,195,749,397,3398,2903,5068,12,405,6744,209,28,6868,359,272,1240,1459,5760,781,3756,4087,1127,353,1343,268,450,612,340,103,2832,1771,4534,7213,202,788,1013,1330,2700,591,1766,417,4206,3090,1491,260,10382,910,1439,1393,264,7860
3750,182,582,441,2883,2373,4153,38,466,5030,183,22,5960,320,297,1179,1161,5486,798,3177,3338,1021,336,1116,204,445,605,380,126,2257,1449,3630,5969,160,635,972,1438,3176,570,1363,421,2945,3076,1200,273,9469,889,1027,1333,210,6013
1703,398,632,328,2760,2086,3510,45,283,4151,164,25,5595,305,294,1098,1103,5378,745,2796,2680,814,310,1066,173,400,602,339,107,1955,1310,2575,5029,64,535,880,1371,2107,428,839,358,1889,2890,1380,219,8444,807,863,1402,189,4325
2849,180,446,527,2749,2046,2716,51,350,3614,164,35,4931,289,206,846,988,5149,746,2776,2262,624,350,939,207,449,598,348,77,1741,1099,1925,4417,223,556,787,1660,2139,327,957,337,1690,2454,1084,177,7947,939,863,1240,168,3591
3090,159,334,249,2388,2238,2618,32,373,4398,171,52,4968,273,242,827,1003,5187,733,2800,2092,736,302,908,228,479,589,314,55,2140,1262,1808,4675,143,508,784,2211,2658,248,933,344,2437,2415,1205,188,7896,1403,955,1235,79,4623
2968,128,411,146,2313,2793,2641,25,551,6513,134,46,5327,167,169,818,831,5994,766,3447,2461,531,249,674,153,515,679,321,30,2855,1442,3199,5074,193,415,669,2569,3280,105,1147,318,2856,1789,1228,158,8923,1268,721,1525,119,7258
2427,141,362,97,1458,1504,1956,27,426,5737,98,40,4706,120,71,791,391,5616,742,2993,2123,260,148,583,88,362,566,205,18,3147,1144,3287,4347,237,268,590,2277,3400,30,898,250,2610,1918,979,130,5968,954,424,1213,119,9900
1319,69,212,55,1082,656,1517,3,428,3720,31,38,2630,36,36,525,155,4120,251,2083,1429,111,55,418,23,269,274,125,5,3348,663,2892,2266,128,116,383,1430,1960,6,489,104,1770,727,579,105,2850,509,193,630,61,9906
772,19,214,16,661,472,1246,2,367,2226,27,45,1710,12,16,327,64,2564,163,1412,1225,100,25,314,8,153,182,119,6,2885,393,2365,1228,55,76,234,894,1307,1,287,80,982,398,394,91,1765,282,154,449,47,7146
532,74,138,18,492,325,873,0,362,1618,19,20,1290,8,12,167,21,1671,76,1173,1017,101,63,174,4,90,162,95,4,2034,272,1452,880,24,63,118,627,946,0,284,33,623,329,328,57,1381,184,41,398,27,3949
460,26,115,8,374,217,888,0,351,1211,12,38,1082,6,8,116,7,1154,76,935,874,69,36,161,4,67,120,81,5,1246,253,946,686,27,60,91,406,712,0,169,29,406,226,203,39,1150,137,28,384,8,2223
346,23,130,4,323,192,469,1,355,947,8,41,995,6,19,133,6,1066,58,971,731,88,66,145,1,51,91,57,1,801,204,583,710,23,92,100,410,555,1,157,24,406,215,219,24,1065,138,43,420,20,1327
313,18,100,7,325,128,308,0,402,887,11,20,906,4,17,113,16,895,56,961,639,60,104,86,6,43,82,55,1,625,171,391,546,26,71,75,410,471,1,119,13,321,128,178,30,962,120,47,423,13,882
288,18,106,6,315,107,283,0,359,811,6,25,718,8,12,74,10,764,57,754,525,14,59,96,1,37,84,40,1,419,190,303,601,19,59,53,304,369,0,102,27,300,154,172,27,898,104,31,483,14,510
316,30,91,8,282,126,256,0,259,769,6,29,632,2,13,87,8,706,57,616,486,19,73,112,1,20,68,34,0,370,174,256,617,17,73,42,285,401,0,67,27,327,121,138,34,782,80,4,546,3,392
