0,1,2,3,4,5,6,7,8,9,10,11,12,13,14,15,16,17,18,19,20,21,22,23,24,25,26,27,28,29,30,31,32,33,34,35,36,37,38,39,40,41,42,43,44,45,46
0,2,0,1,0,0,1,2,0,0,1,4,5,7,6,0,0,1,0,0,0,0,3,0,1,3,4,2,0,0,0,0,1,0,1,0,0,0,0,9,1,1,0,0,1,14,1049
0,1,1,0,1,0,1,5,0,2,2,3,4,21,5,0,0,1,0,0,0,3,17,2,0,0,5,1,0,0,0,1,0,0,0,2,0,0,0,13,0,6,0,0,3,16,879
0,2,0,1,0,0,7,9,0,0,4,3,4,2,0,0,1,2,0,0,4,2,3,1,0,4,9,3,0,0,0,1,1,2,3,0,0,1,1,6,0,19,6,0,6,42,1006
3,0,1,1,0,0,2,2,1,0,6,5,11,4,2,0,1,0,0,0,1,0,5,1,3,0,3,1,0,1,0,0,2,1,0,0,0,0,0,7,3,4,0,7,1,75,936
0,0,0,0,1,1,6,5,0,0,1,13,9,13,0,0,2,0,0,21,2,6,2,1,2,0,4,4,1,0,2,0,0,1,1,0,0,0,1,8,1,15,0,0,1,100,1001
1,0,0,0,6,0,13,1,0,4,5,5,43,15,1,1,3,0,0,9,6,7,3,0,0,0,5,4,3,0,0,0,0,0,0,0,0,0,0,10,1,10,1,1,2,130,689
2,0,0,0,1,0,9,3,1,14,0,2,43,25,0,0,0,0,0,1,10,3,2,0,2,0,6,7,1,0,0,0,3,1,0,0,0,0,0,15,0,29,1,3,24,196,719
0,0,0,0,0,0,13,13,0,5,4,4,27,12,0,0,0,0,2,1,5,4,2,2,1,1,2,2,2,0,0,1,2,0,0,0,0,0,0,11,0,9,0,1,13,166,588
0,0,0,0,3,0,10,5,5,15,6,5,15,23,1,5,0,1,2,2,7,8,3,6,1,4,4,3,5,0,0,1,1,0,0,0,0,1,0,3,0,9,1,1,1,106,429
0,0,0,0,12,0,11,4,0,5,10,21,11,13,0,4,0,0,1,5,6,3,0,2,4,0,5,3,1,0,0,1,0,0,2,0,1,0,1,9,6,6,1,0,1,41,256
3,0,0,0,3,0,0,9,0,0,7,7,17,11,0,2,0,0,0,0,8,4,3,3,6,2,9,3,0,0,0,0,0,0,2,0,0,0,2,8,14,0,0,0,0,10,159
0,0,0,0,1,0,3,4,0,0,12,9,19,12,0,4,3,2,1,1,15,4,1,6,10,0,4,3,0,0,0,0,0,0,1,0,0,0,0,4,3,1,10,0,1,14,105
3,0,0,0,1,0,6,0,0,6,6,14,16,12,0,1,3,0,0,0,18,5,11,6,19,2,6,4,1,0,0,0,0,2,0,0,1,1,2,11,45,0,1,2,1,1,109
23,1,0,1,3,0,8,4,3,5,17,14,20,11,10,2,0,1,2,1,20,12,5,2,4,4,11,5,0,0,0,0,1,3,1,0,1,2,2,3,31,0,6,0,1,1,128
5,0,0,3,4,0,39,6,10,5,52,23,38,19,8,0,0,5,0,2,24,15,10,4,3,3,18,2,1,2,0,3,7,3,3,0,1,5,3,32,44,1,2,0,1,1,128
4,0,3,2,18,7,20,7,16,19,70,48,72,40,5,1,0,12,1,3,28,23,20,4,9,2,15,7,0,0,2,4,4,17,2,2,1,2,1,23,62,2,1,0,0,1,106
19,0,5,7,11,10,26,8,31,12,106,59,100,46,5,2,1,11,0,31,45,41,40,2,7,8,40,8,0,4,1,3,1,47,0,6,1,4,3,23,149,2,0,0,0,4,167
34,0,20,30,13,2,31,3,45,58,117,134,128,89,25,5,0,7,11,43,54,55,54,5,9,15,44,16,9,0,3,7,6,52,3,7,1,1,6,49,167,5,2,24,2,2,128
61,7,58,28,17,2,33,15,72,261,255,263,261,138,78,12,3,5,40,64,91,63,80,5,19,22,93,19,9,0,12,2,13,94,22,13,1,11,17,99,212,29,2,61,5,2,163
197,6,86,58,17,7,67,54,152,673,562,470,467,238,193,24,6,10,123,95,113,156,185,25,50,27,187,39,30,16,17,5,12,197,58,22,2,30,61,250,308,84,40,108,35,7,220
347,13,201,105,47,25,113,245,406,1281,1413,786,961,490,252,52,9,13,180,171,138,246,310,43,45,47,228,153,32,69,30,20,52,364,52,51,7,54,134,657,328,113,56,182,107,19,330
650,39,411,132,97,64,384,732,804,1475,1923,1055,1570,854,289,56,31,76,177,425,256,291,562,76,67,85,239,166,38,57,39,31,120,356,103,68,19,108,156,988,390,79,93,165,142,29,452
1106,96,487,172,234,51,780,1182,716,1381,1476,1260,1127,749,218,56,90,85,187,486,513,462,805,89,166,205,408,238,70,54,79,83,155,213,171,74,61,92,157,1022,241,239,122,179,152,120,543
2684,436,675,828,365,432,1659,3105,1635,2716,4845,4549,5866,4250,1056,287,278,157,537,1189,687,1650,2758,444,370,689,1494,1255,251,288,280,176,488,806,598,185,150,479,350,3308,759,962,596,695,500,725,702
4480,1156,1208,1749,675,1032,2936,4341,2406,3495,7807,7142,9989,7806,2642,662,793,413,795,2022,1865,2797,5449,981,945,1708,3630,2907,682,560,576,518,1291,2128,1268,457,627,1523,608,6518,1195,2415,1266,1557,1579,1717,1159
8400,1983,2024,2850,1230,1620,3451,4950,2830,3836,12185,11230,17259,13883,5112,1417,1536,623,1470,3229,2541,4879,9097,1799,1326,2850,7060,5844,1264,1024,1003,858,2345,4112,2165,866,1561,2468,986,9010,1378,3564,1792,2239,2260,3116,1560
8843,2162,2213,2603,1546,1569,2693,4100,2082,2595,10266,8973,15006,12667,4903,1676,1543,751,1531,3550,2700,5271,9413,2055,1514,3644,8354,7257,1489,1084,852,999,2670,4546,1928,944,1772,2761,1536,8026,1013,3033,2088,2232,2399,4025,2394
6368,1677,2188,2036,1766,1047,1896,2460,1283,1533,5974,5301,8804,7902,3764,1554,1442,857,1091,2769,2503,4404,8239,1918,1525,2854,7035,5781,1208,984,653,877,2174,3965,1663,799,1469,2228,1412,5272,658,1958,1590,1403,1726,3784,1750
3310,952,1295,1146,1277,624,1078,1424,679,823,2735,2620,3811,3469,1975,1094,912,781,548,1747,2302,2686,5905,1318,1279,2058,4544,3579,738,807,525,679,1561,3008,1196,772,1059,1499,1216,3167,381,1166,1037,1021,963,2400,1470
2248,642,938,1008,948,484,842,1158,559,604,1979,1917,2611,2763,1312,846,901,773,614,1582,1687,2425,5459,1338,1151,1777,4122,3267,700,772,489,714,1410,2841,1297,853,896,1371,1090,2593,349,1151,1054,847,1039,2262,978
1750,520,739,761,693,487,649,915,453,516,1462,1662,1907,2305,925,740,866,741,563,1520,1682,2425,5305,1370,1091,1442,3388,2599,637,875,376,673,1206,2866,1386,828,762,985,1210,2388,270,1005,1041,642,1113,2215,655
1214,453,605,561,581,326,485,646,376,402,1152,1154,1471,1751,667,625,859,684,382,1269,1737,2129,5317,1196,907,1334,2633,2005,540,743,337,493,1001,2376,1317,797,557,839,949,2301,258,792,1001,433,925,1961,649
777,372,444,375,556,251,349,357,250,446,842,740,1061,1192,529,494,758,520,347,1026,1549,1834,4390,1037,756,1087,1939,1560,393,624,345,461,765,1721,1205,579,275,523,621,1906,242,454,937,408,741,1620,433
473,337,375,213,597,161,347,258,170,358,709,443,870,972,407,398,894,440,323,744,1406,1327,3568,983,679,969,1608,1307,326,493,351,434,741,1468,1179,462,141,381,468,1565,198,315,734,293,853,1230,306
392,173,265,205,416,87,227,165,77,262,408,250,423,544,319,312,643,326,230,374,856,711,2170,763,401,573,1170,852,185,324,220,269,472,854,730,228,102,273,203,1099,171,243,569,222,680,873,235
327,152,219,159,372,86,174,60,59,142,289,183,337,346,227,250,469,202,110,227,640,471,1217,421,257,347,738,494,125,170,115,210,280,516,467,130,62,148,73,687,112,210,338,157,392,474,173
376,107,173,112,278,101,101,64,26,89,165,149,233,251,212,158,359,103,109,186,492,310,576,271,146,251,550,379,80,80,91,182,183,311,310,78,40,119,62,529,87,258,282,144,241,271,166
677,126,205,189,236,238,150,72,44,118,240,218,391,366,240,264,364,127,236,285,513,523,731,358,144,326,927,534,116,102,112,173,182,333,485,74,85,121,87,860,273,478,475,256,451,418,276
900,205,215,218,280,293,176,41,56,145,303,194,427,399,317,339,354,148,206,358,435,366,718,318,182,294,899,660,113,130,147,200,197,267,499,54,85,105,56,955,245,525,456,343,441,496,247
579,198,146,112,216,139,157,37,45,142,295,160,309,268,178,205,219,164,130,234,315,205,570,196,160,249,725,414,77,110,112,172,203,196,305,27,80,119,55,1029,178,349,317,340,387,369,250
511,208,80,127,122,136,164,18,29,107,272,95,263,317,224,219,140,108,95,167,259,195,369,161,87,227,638,351,76,70,59,90,136,126,246,22,56,189,31,837,147,252,270,230,390,304,190
440,230,109,116,100,109,169,24,48,177,324,122,308,377,182,321,180,127,81,263,215,219,290,155,81,290,639,447,81,44,45,80,108,108,129,17,43,201,20,670,146,221,256,165,329,216,199
448,172,73,107,36,72,110,24,31,68,168,166,200,192,112,183,95,80,42,182,159,143,149,81,26,165,403,216,66,18,25,45,78,44,64,4,9,110,7,441,102,133,180,99,225,159,269
195,106,38,82,22,54,62,11,21,24,99,78,148,135,50,86,26,63,17,96,127,75,84,50,28,52,207,92,27,18,15,23,29,28,34,2,5,62,0,286,33,63,132,43,137,95,297
69,69,24,20,23,20,62,7,8,24,40,45,75,61,23,48,10,30,8,63,80,48,43,31,12,46,113,78,19,4,14,9,4,8,39,1,0,30,0,160,30,66,81,51,78,73,258
24,29,21,14,11,5,32,2,10,16,22,31,35,28,14,26,7,12,2,27,60,37,28,19,2,15,40,46,16,2,10,10,3,1,17,1,2,16,0,72,18,44,65,20,41,82,234
16,39,7,7,0,3,15,19,5,9,15,34,28,13,10,10,0,5,3,2,55,25,16,11,0,3,19,8,5,0,9,3,8,0,3,0,0,8,0,30,4,28,36,19,55,31,241
17,19,4,1,1,3,4,5,2,1,7,17,43,7,1,4,0,7,1,3,41,7,6,1,1,7,4,6,3,0,3,0,6,2,0,0,0,4,0,62,10,11,26,8,12,15,272
2,16,0,2,0,0,2,0,1,5,1,18,13,7,0,0,0,0,1,0,48,8,4,0,1,5,7,0,1,0,8,0,7,0,0,0,0,1,0,17,4,25,17,0,16,7,235
4,7,0,0,0,2,0,2,1,0,1,12,8,2,0,0,3,1,0,0,11,4,4,0,0,2,8,0,0,0,5,0,3,0,0,0,0,0,0,9,1,16,19,4,17,2,205
2,0,4,1,0,0,0,2,0,0,1,8,11,0,0,0,0,0,0,0,2,1,1,1,0,0,6,3,0,0,2,1,0,0,0,0,0,0,0,1,0,6,9,2,6,2,158
1,0,0,0,0,0,1,2,0,0,0,2,2,1,0,1,0,1,0,0,3,0,2,0,0,3,7,2,0,0,0,0,0,0,0,0,2,0,0,3,0,1,4,0,1,0,100
0,0,0,1,0,0,0,1,0,0,0,2,9,1,0,0,0,0,0,0,7,0,2,0,0,2,3,4,0,0,0,0,0,0,1,0,0,0,0,3,1,0,2,0,0,0,64
1,0,0,2,0,0,0,0,0,0,0,1,5,1,0,0,0,1,0,0,2,1,0,0,0,0,2,3,0,0,0,0,0,1,0,0,1,1,0,3,0,4,1,0,0,0,64
0,0,0,0,0,0,1,0,0,0,0,0,2,1,0,0,0,0,0,3,5,0,0,0,0,1,2,0,0,0,1,0,1,0,0,0,0,0,0,5,0,2,1,0,0,0,47
0,0,0,0,0,0,0,1,0,0,0,0,3,1,1,0,0,2,0,1,5,1,2,0,0,0,7,0,0,0,0,1,1,1,0,0,0,0,0,4,0,0,1,0,0,0,33
0,0,0,0,0,0,0,0,0,0,1,0,1,0,0,0,0,0,0,2,8,0,1,0,0,15,3,0,1,0,0,0,0,1,0,0,4,3,0,7,0,0,0,0,0,0,36
0,0,1,0,0,0,0,2,0,0,0,0,2,0,0,0,0,0,0,0,3,1,0,0,0,1,4,2,0,0,0,0,0,0,1,2,0,6,0,0,0,0,0,0,0,1,42
0,0,2,0,0,0,0,0,0,0,1,0,4,1,0,1,0,0,0,0,4,0,3,0,0,9,6,1,0,0,0,12,0,0,0,2,0,0,0,1,0,0,1,3,0,1,55
2,0,0,2,0,0,1,5,2,0,0,2,1,2,0,3,0,0,0,3,7,12,2,0,1,0,13,0,0,0,0,10,0,0,0,0,0,1,0,0,0,0,0,1,0,0,43
0,1,0,0,0,0,1,4,1,0,2,4,1,1,0,0,0,0,0,7,7,10,1,4,0,1,2,1,0,0,0,17,0,0,1,0,0,2,1,0,0,1,0,3,0,1,45
1,0,0,2,0,0,1,3,16,0,4,4,4,6,0,0,0,0,0,4,5,9,0,1,0,1,6,12,0,3,0,6,0,1,0,1,1,1,0,3,0,0,0,0,0,0,58
4,0,0,0,0,0,1,9,9,1,0,6,14,14,1,0,3,0,0,2,6,4,3,0,0,3,5,29,0,12,0,2,0,0,0,2,0,0,0,4,0,1,0,0,0,0,55
11,1,0,0,1,0,0,0,0,0,0,9,7,3,0,0,0,0,0,0,4,17,4,0,0,0,8,2,3,4,0,3,0,1,0,0,0,0,0,2,0,5,4,0,0,3,30
26,0,5,1,1,0,1,2,3,0,6,8,39,8,0,0,0,0,3,1,24,42,4,0,2,1,10,11,3,0,0,0,1,0,1,2,0,1,0,2,12,9,2,0,0,2,40
32,0,12,5,9,0,0,4,6,0,11,26,35,25,2,0,0,0,1,5,30,12,10,1,2,3,13,4,0,8,0,0,1,1,1,1,0,34,1,26,19,1,8,4,1,0,45
37,1,20,8,16,0,3,7,5,0,3,28,53,33,6,1,0,4,0,6,54,24,9,3,4,10,22,11,0,6,4,0,5,5,2,0,1,43,2,4,9,0,8,10,0,7,54
161,1,17,0,7,2,4,19,11,5,28,27,52,51,4,0,3,2,0,9,43,17,22,4,5,6,26,36,1,3,1,1,8,4,8,0,0,19,1,5,5,1,5,15,0,12,59
293,0,49,7,18,1,17,41,33,5,78,53,123,52,10,1,21,2,0,12,63,31,30,2,3,14,28,23,10,7,2,3,31,4,22,2,0,26,8,7,32,6,13,13,3,65,55
238,1,87,33,24,4,21,85,58,6,123,104,173,69,27,33,5,0,1,17,67,42,68,13,8,21,96,44,9,26,2,5,41,29,61,8,4,27,38,57,81,8,38,53,2,132,64
274,4,56,27,24,4,11,65,91,19,274,140,282,117,25,72,22,2,1,43,77,53,112,23,60,48,138,63,13,22,5,9,47,48,137,14,13,39,96,130,105,21,66,103,3,220,76
381,14,63,19,16,6,49,67,60,18,309,173,303,149,25,46,11,9,3,52,111,86,161,19,72,65,153,71,16,17,7,1,39,61,288,28,25,55,117,183,90,38,78,120,8,280,103
406,50,43,23,48,30,84,125,109,89,556,283,451,327,53,48,34,20,6,119,148,247,264,32,85,85,269,190,70,17,37,3,78,62,348,39,56,63,188,361,125,153,206,204,31,434,125
464,66,45,28,124,44,115,132,107,140,638,245,618,544,57,61,60,30,30,155,230,294,413,77,112,155,434,288,53,74,26,16,127,94,292,57,79,55,238,568,139,372,294,217,84,546,270
333,77,98,64,162,4,171,324,86,110,316,283,282,146,68,30,48,47,36,200,711,251,794,84,165,192,512,165,41,33,38,55,155,135,142,104,74,87,312,644,89,271,390,202,208,392,760
644,173,142,243,168,65,291,639,325,389,1523,1192,2098,1654,180,243,185,133,256,431,775,1011,1311,427,346,579,1854,949,254,405,73,132,470,421,425,255,147,238,418,1338,298,433,645,453,452,863,1154
1102,412,297,551,327,197,710,1287,628,1198,3263,2853,4637,3656,544,419,383,278,549,983,1664,1889,2765,812,777,1418,4384,2453,594,666,137,221,959,997,745,480,313,477,645,3230,585,954,1282,1019,1155,1207,2131
2591,1373,467,1060,616,566,1251,2411,1450,2632,8322,6406,12317,10558,1439,888,759,678,974,2320,2183,3582,5058,1635,1660,3007,7876,5119,1147,940,334,472,2053,1796,1149,859,610,981,1003,6374,1357,2273,2300,2298,2234,2101,3139
5262,1962,1042,1567,789,856,1939,3301,2115,4018,11919,9046,17091,16161,2221,1073,1078,1127,1282,3885,2744,4479,7223,2591,2360,4280,9319,6231,1359,936,438,528,2398,2190,1483,924,783,1351,952,9022,1757,2871,3102,3482,3309,2556,4001
7526,2014,1354,2076,965,1324,2361,2746,2004,4222,10360,8228,14288,13060,2616,1013,929,1145,1219,3412,2377,3887,7419,2462,1964,3645,7315,5362,1335,742,433,483,1813,1921,1564,732,805,1303,631,7388,1361,2180,2653,3038,2335,1653,2166
9671,2280,1764,2305,1045,1235,2331,2777,1843,3300,8225,6323,11727,9962,2845,937,922,1168,657,2741,2455,3426,7165,2447,1676,3120,6404,4377,1047,732,461,623,1787,1802,1777,734,942,1399,645,7979,1194,2239,2382,2912,1881,1551,1947
8884,2021,1931,2554,1035,1242,1957,2648,1604,2270,7360,5846,11911,10018,3288,916,1162,1381,408,2432,2168,3216,6103,2555,1428,2901,5944,4225,981,686,531,797,1821,1760,1730,769,1049,1693,859,8497,1195,2680,2504,2861,2048,2060,1650
8204,2186,2303,3271,1182,1175,2030,2926,1731,1973,7547,6416,11973,10462,3550,902,1479,1653,407,2467,2140,3470,6128,2733,1362,3144,6885,4601,1049,801,776,980,1911,1815,1963,830,1118,1814,1034,8228,1079,2582,2314,2444,2260,2106,1335
6800,2290,2423,3626,820,1131,1790,2184,1533,1774,6352,4946,9419,7849,3057,896,1303,1246,453,2072,1668,2688,4669,2098,1002,2377,5554,4058,834,624,685,817,1492,1507,1737,629,975,1388,860,6111,777,1917,1628,1539,1478,1419,915
6564,2471,2642,3704,1027,1239,2008,2517,1646,1701,5787,4860,8563,6483,3137,1139,1339,1477,595,2548,1640,2988,4465,2024,958,2168,5592,4207,953,674,709,804,1489,1731,1920,648,1118,1583,913,5487,759,1625,1543,1313,1563,1617,895
5009,1781,2158,2736,992,1120,2095,2162,1337,1582,4412,3719,6102,4531,2525,1084,1178,1279,818,2136,1740,2780,3947,1421,723,1738,4665,3189,785,539,654,726,1197,1495,1632,564,890,1349,822,4131,632,1229,1241,933,1346,1804,1026
3057,1245,1416,1734,831,965,1434,1552,892,1291,2647,2334,3880,2742,1820,859,848,870,694,1443,1116,1836,2663,902,453,1123,2941,2110,406,409,447,439,796,971,942,321,576,880,648,2009,356,727,834,507,899,1282,807
1585,786,785,788,508,580,735,573,459,784,1222,1122,2001,1409,855,430,391,389,331,823,644,923,1183,391,236,576,1467,1031,261,163,245,293,384,559,459,114,244,427,288,884,162,374,386,257,473,705,605
1044,578,533,461,433,424,596,346,317,511,727,773,1264,818,596,376,301,193,339,486,430,561,868,208,119,374,1008,661,200,126,157,173,281,438,272,84,186,261,211,665,100,259,272,188,352,593,455
1126,656,710,648,552,524,793,312,419,727,826,755,1181,731,782,435,291,186,457,891,472,677,949,300,165,466,1042,728,247,136,134,148,318,486,266,115,182,268,161,551,100,150,272,183,265,574,598
1074,610,696,750,576,617,890,228,472,588,710,609,840,536,610,425,182,137,257,811,375,458,716,239,131,337,825,743,203,103,137,141,309,417,198,133,169,252,119,403,104,118,224,191,214,396,509
685,351,525,397,371,451,613,126,227,329,362,267,416,214,333,250,132,86,134,478,323,212,400,95,97,232,520,431,87,86,63,134,297,304,141,93,69,165,86,215,52,75,119,120,138,259,595
282,85,239,155,179,154,248,49,75,113,130,91,138,89,109,87,61,37,70,217,224,100,202,30,41,117,237,170,61,42,24,33,153,147,65,45,41,85,30,99,15,53,46,31,52,137,496
202,67,127,103,76,204,138,26,41,78,52,79,104,63,80,50,35,26,56,181,108,65,123,39,21,93,166,134,57,38,13,35,129,118,71,30,31,64,43,104,39,41,59,12,33,155,467
98,31,135,47,54,141,65,6,13,40,27,55,49,42,34,43,11,8,39,105,75,54,96,21,15,46,145,83,28,22,4,25,61,90,69,30,4,50,43,61,13,26,43,7,19,140,443
37,9,106,35,34,81,32,7,9,24,14,29,37,35,19,19,11,5,14,69,41,33,58,8,11,27,69,41,15,11,9,19,30,64,22,12,9,38,9,22,2,8,15,3,25,78,404
12,2,23,11,12,36,11,3,0,9,3,17,8,6,8,2,1,4,7,19,22,27,26,1,4,8,32,13,3,7,3,3,15,20,10,4,4,14,5,7,0,0,21,0,18,67,307
5,0,10,7,5,21,3,0,1,7,7,5,14,29,1,1,0,9,3,8,7,9,10,0,1,6,16,4,0,2,3,7,1,10,5,0,1,8,2,4,0,2,16,0,13,53,329
6,2,9,5,0,3,3,0,1,4,5,2,5,21,2,0,0,1,1,2,4,5,2,0,0,0,10,1,0,1,0,3,1,6,5,0,1,5,0,11,0,0,10,0,12,95,264
4,1,12,4,0,3,1,1,1,0,4,5,7,5,1,0,0,0,0,1,9,1,5,0,2,0,7,2,0,0,0,1,0,3,4,1,0,3,0,9,0,0,5,0,7,45,193
2,2,8,3,0,10,0,3,1,0,0,3,4,3,0,3,0,0,0,0,8,2,3,1,1,3,5,2,0,0,0,0,0,1,1,3,0,2,0,20,0,1,1,0,5,25,198
8,0,6,1,4,1,0,0,0,0,0,0,1,5,0,0,0,0,0,0,8,1,3,3,3,6,6,0,0,0,0,0,4,0,4,0,0,1,0,3,0,0,2,0,1,9,136
2,0,2,1,3,0,0,2,1,0,2,1,3,5,0,0,0,0,0,0,6,5,1,1,0,6,8,1,0,1,0,0,3,1,1,0,0,1,0,4,0,0,4,3,1,2,128
1,0,2,0,0,0,1,1,0,0,0,1,2,6,1,0,0,0,0,0,4,2,1,0,1,2,9,1,0,0,1,0,0,3,0,0,0,0,0,9,0,2,1,2,0,1,72
0,0,2,0,1,0,0,0,0,0,0,1,4,8,0,0,0,0,0,1,2,1,1,2,3,1,6,0,1,0,0,1,0,2,9,0,0,0,0,15,0,4,0,0,0,1,69
1,0,1,0,0,0,0,0,0,1,0,0,3,10,0,0,0,0,0,0,6,1,5,1,0,1,6,1,0,0,0,0,0,0,3,0,0,1,0,15,0,3,0,0,0,0,42
1,0,3,0,0,0,1,0,1,0,0,2,5,5,2,0,1,0,0,0,5,0,1,1,3,4,8,3,1,0,0,0,0,3,1,0,6,0,0,0,1,3,0,1,2,0,37
2,0,1,0,0,0,0,0,1,0,2,3,3,3,0,0,0,3,0,0,3,2,2,2,2,3,6,3,0,0,0,2,0,0,1,1,0,0,0,2,0,0,0,0,6,0,29
1,0,1,0,0,0,0,0,0,0,2,0,6,5,0,0,0,1,0,0,1,0,2,1,6,0,9,2,0,0,0,4,5,7,2,3,0,1,3,0,2,0,0,0,10,0,49
4,0,0,0,0,0,0,0,1,0,2,3,6,3,0,0,0,0,0,0,2,2,0,19,2,0,6,2,0,0,2,12,2,7,0,0,0,0,21,0,0,3,1,0,4,0,76
2,0,0,0,0,0,1,1,2,0,3,8,16,10,0,0,0,0,0,0,16,1,0,5,2,0,47,6,0,1,8,18,1,0,0,3,1,5,16,4,3,1,0,0,10,0,67
2,0,0,0,0,0,1,0,0,0,2,2,51,7,0,4,0,0,0,0,6,3,0,0,0,0,5,11,1,0,1,5,0,7,0,2,0,8,9,7,4,0,0,4,3,0,56
0,0,0,0,0,0,0,3,0,0,1,9,37,16,0,0,0,0,0,0,10,9,1,0,1,1,10,22,5,6,0,2,2,7,8,1,0,17,10,9,1,13,62,12,6,0,63
0,0,0,3,0,0,0,0,4,0,2,14,31,15,0,0,0,0,0,0,11,5,4,2,4,1,12,9,9,3,0,0,4,3,10,2,0,23,5,25,1,27,34,4,2,17,46
0,0,3,0,0,0,0,2,0,0,4,26,26,21,3,0,0,1,0,1,4,3,5,1,3,1,10,5,3,0,0,0,9,6,13,1,1,15,1,19,0,21,16,3,1,11,39
3,0,0,4,0,0,0,0,1,2,4,15,30,7,5,0,0,0,0,0,10,5,0,2,1,2,7,8,1,2,0,0,2,8,6,5,2,9,1,6,0,20,5,6,0,9,25
1,0,4,2,0,1,1,1,3,0,4,62,32,52,5,0,0,0,0,1,6,7,2,2,3,3,33,12,1,0,0,1,6,18,4,0,0,6,0,10,3,16,6,5,0,11,35
12,4,22,0,0,15,0,2,3,1,67,59,93,86,64,0,0,1,0,4,13,10,11,4,5,2,44,11,6,1,4,0,4,25,5,2,1,18,1,13,4,69,6,24,1,8,33
12,0,17,5,2,18,8,10,11,13,136,81,161,99,49,4,2,2,3,22,16,26,25,5,5,11,66,27,15,1,5,5,9,27,5,1,0,25,2,18,1,76,7,29,0,4,32
45,1,54,5,1,55,62,18,21,32,178,103,302,244,28,10,8,4,0,45,25,19,52,12,7,26,87,64,19,4,9,7,5,25,5,4,7,45,0,37,5,39,9,56,1,3,22
117,2,397,19,15,49,210,60,36,59,435,335,791,614,31,10,21,28,8,74,17,91,122,27,9,27,238,141,47,6,15,15,20,33,21,2,10,110,3,97,0,93,20,81,0,4,59
421,5,673,115,53,83,487,120,66,99,1233,614,1496,1337,78,16,25,32,13,126,34,199,218,40,26,149,457,196,144,24,50,27,37,41,30,0,40,115,5,117,2,135,22,98,4,15,79
1307,58,739,299,83,116,584,362,149,237,2334,1174,2420,2221,198,59,19,66,65,299,87,226,308,111,88,447,852,376,276,37,87,41,104,100,30,34,92,208,12,243,75,203,54,93,45,62,112
3237,183,1010,688,169,421,769,687,289,557,4607,2317,4192,4208,429,124,80,166,186,549,219,493,671,346,312,1129,2204,1172,764,149,181,77,232,247,62,145,249,492,24,928,92,453,193,167,162,96,328
5890,516,1583,1549,484,812,1285,1544,758,1506,8598,4276,8570,7329,658,252,281,250,416,1053,456,1274,1788,767,712,2391,5452,2743,1288,343,248,112,505,807,135,299,721,837,172,2604,163,1113,487,598,305,273,549
7627,961,2187,2382,994,1266,2001,2819,1441,2415,11599,6880,13554,11689,938,654,566,605,1019,1986,862,2458,3944,1403,1473,3658,10321,6064,1711,1007,558,186,1287,2123,451,648,1616,1481,451,7087,443,2390,1225,1292,1234,755,1260
5698,1467,2228,1140,2261,471,2349,3354,1121,1792,4702,2837,3802,2447,661,404,723,765,543,1919,3625,2266,5953,1080,2334,3205,5715,2635,386,584,838,559,1727,1754,825,906,1862,1373,1026,8759,654,2237,1971,1822,1504,1006,2827
4543,1786,1998,2760,1371,1008,2437,3633,2052,2669,6738,6759,9806,8997,1890,1163,1181,1090,1634,2526,2534,6232,8632,2294,2040,3420,8502,6892,1444,1456,975,923,3611,4268,2405,1534,1972,2173,1479,10750,1808,3560,4578,2661,4509,3370,3653
3277,1869,1739,2764,1354,1230,2693,3710,2199,2853,5639,7283,8198,7859,2837,1462,1735,1818,1529,2879,3471,7061,11581,2511,2373,3557,8280,6756,1410,1512,1091,1694,4974,5191,3777,1817,1830,2331,2383,11697,2720,4032,5887,3855,5875,5577,4917
3372,2281,1487,3545,1373,1654,2582,3571,2253,3316,6219,8004,9605,9381,4650,2011,2573,2026,1541,3780,3397,6276,11891,3020,2132,3250,8640,7414,1335,1528,1135,1664,4954,5498,5183,1422,1536,2235,2452,12023,2731,4035,5734,4151,5077,7309,3779
4054,2236,1438,2786,1542,1268,2112,2568,1766,2483,4962,6082,7835,7813,4740,1621,2081,1346,1123,3109,2404,3639,8775,2446,1502,2250,6174,5200,876,1195,820,1047,2998,3923,3569,830,855,1640,1791,7609,1635,2635,3205,3393,2973,4940,2774
3937,1619,1424,1807,1258,827,1497,1560,1216,1564,3591,4174,4743,4978,3443,1212,1399,945,602,2160,1852,2190,5410,1631,947,1480,3967,3326,598,878,507,590,1776,2884,2171,519,499,1266,1121,4377,952,1485,1591,2000,1546,2972,1616
3360,1029,1133,1080,879,547,1064,1062,896,1140,2243,2670,3204,3066,2071,729,811,750,386,1326,1354,1334,3386,986,617,969,2342,2114,311,471,332,401,957,1671,1193,331,352,762,929,2452,594,816,848,1196,854,1850,1162
2458,602,812,708,638,333,684,659,732,803,1567,2049,2213,2204,1285,479,599,630,202,881,813,967,2111,712,375,652,1502,1443,225,311,320,237,647,1008,828,231,209,568,826,1496,333,586,433,825,592,1186,843
2132,428,616,481,512,272,560,561,452,544,1136,1651,1694,1553,996,367,336,346,133,707,481,557,1329,448,275,463,1122,990,199,211,231,189,382,739,545,154,132,429,679,1012,260,367,258,551,435,652,492
1632,355,482,460,318,315,347,333,255,401,829,1200,1175,1091,621,280,301,224,120,426,407,399,904,412,183,328,891,708,163,186,138,120,323,521,383,124,81,375,475,752,171,316,186,440,330,488,354
1609,306,400,381,278,213,338,275,180,331,746,1027,1107,942,550,198,331,252,109,488,301,405,794,326,164,366,828,773,217,173,128,164,345,429,341,109,58,354,522,653,94,286,171,468,297,483,354
1299,200,286,362,231,242,360,254,200,346,778,1023,983,693,530,219,323,208,186,450,261,445,709,288,149,390,845,866,196,203,121,182,519,424,356,124,70,301,542,646,109,230,231,451,318,404,419
935,140,150,271,181,220,247,163,149,258,403,812,636,501,442,198,205,113,179,283,173,272,425,197,96,246,611,580,121,117,116,163,476,281,229,100,73,202,293,396,62,180,103,210,202,240,304
552,72,114,211,119,174,282,143,92,223,352,481,580,372,335,175,170,78,141,249,155,290,418,146,96,217,540,510,113,103,126,108,435,208,178,69,58,138,236,319,48,180,143,146,151,217,284
427,63,92,141,107,178,241,81,44,169,278,308,417,310,288,132,129,114,57,180,103,164,313,124,61,140,370,302,67,47,76,80,238,171,115,34,59,85,118,308,70,134,120,85,95,198,282
479,72,237,143,126,295,335,193,72,171,337,490,618,399,368,197,168,97,49,218,114,301,394,103,50,173,440,389,102,71,94,89,320,174,128,32,113,102,155,386,151,182,130,110,155,236,427
406,77,264,160,145,271,271,135,87,187,327,450,528,322,373,182,124,78,86,197,136,245,425,179,82,219,460,497,95,93,70,54,268,164,159,16,90,100,119,355,126,174,165,76,177,281,457
295,56,146,102,213,158,262,75,42,107,191,282,188,102,208,132,67,85,34,164,87,136,271,134,61,153,332,313,54,50,85,42,235,162,116,4,92,79,46,262,67,144,111,64,152,194,481
144,26,76,44,106,54,148,28,27,51,82,97,96,30,59,59,20,41,11,60,93,73,134,42,35,78,148,114,15,19,28,46,122,74,32,10,43,38,19,167,46,67,62,35,109,153,441
116,43,78,44,90,71,95,23,19,30,77,98,71,40,54,46,51,61,15,95,42,55,84,45,20,43,99,86,18,34,28,20,81,51,28,31,28,42,20,140,27,64,71,45,81,142,264
177,34,102,58,70,115,63,10,32,31,37,68,52,29,40,26,61,46,7,99,23,55,69,35,5,32,68,99,13,35,24,13,68,39,14,21,37,39,12,120,28,31,31,36,46,141,207
132,14,72,77,38,56,38,23,11,19,17,43,36,14,56,43,35,39,6,62,17,33,61,28,7,22,56,56,1,16,23,6,46,47,15,15,17,36,3,106,7,12,23,26,54,153,235
49,5,24,24,5,18,13,35,7,12,7,29,34,12,45,13,23,26,2,14,7,6,49,16,2,13,25,51,1,9,18,2,15,30,0,11,4,26,10,57,5,28,19,9,33,119,268
18,7,19,31,10,17,13,37,2,6,6,21,8,15,29,14,12,12,2,11,8,7,36,11,4,8,17,26,0,3,14,1,8,19,0,4,15,4,10,13,4,24,10,4,18,106,179
2,1,1,7,2,26,4,5,2,7,7,5,21,26,13,3,2,7,2,27,3,10,27,13,7,4,8,29,0,1,1,3,1,6,2,1,5,4,15,19,0,24,13,0,10,70,186
5,1,8,2,0,8,1,1,0,11,1,13,13,20,4,0,0,0,1,16,1,11,9,0,4,5,6,9,0,0,0,4,0,3,1,1,2,0,20,7,0,12,14,28,7,51,234
8,0,4,6,0,3,2,2,1,4,5,3,10,29,0,1,0,1,0,10,1,8,6,2,1,5,8,11,0,1,0,5,2,6,1,4,1,2,6,7,0,3,6,24,4,53,257
18,4,0,1,0,1,0,0,0,0,2,10,8,14,3,1,0,0,0,6,3,1,4,0,4,2,9,4,0,0,1,2,2,3,0,11,2,0,2,3,0,3,3,4,11,31,277
7,3,0,0,0,0,0,1,0,0,3,10,5,4,1,12,1,0,0,10,0,2,7,1,0,3,12,2,0,0,0,1,0,2,10,10,2,5,1,3,0,2,3,9,6,38,301
3,2,0,0,0,0,0,1,0,0,2,3,10,3,3,1,1,0,0,1,2,0,5,2,0,0,7,3,1,0,0,1,2,0,1,1,2,4,0,10,0,0,3,2,5,19,281
4,0,1,1,0,0,0,0,0,3,2,1,11,3,0,1,2,0,0,0,0,0,7,1,2,2,8,6,0,0,0,0,0,1,0,0,4,2,0,6,0,2,4,1,1,29,208
2,1,0,0,0,0,0,0,0,0,2,5,3,4,0,0,1,0,0,0,0,0,4,0,0,1,5,2,3,0,0,0,1,2,0,0,0,0,0,2,0,3,1,1,1,19,204
4,0,0,0,0,0,2,1,1,0,2,5,4,6,0,0,5,0,0,0,0,2,3,0,1,2,8,0,1,0,0,0,0,1,0,0,0,1,1,4,0,0,2,0,3,12,160
8,0,0,0,0,0,1,0,0,1,0,6,4,4,0,0,0,0,0,0,0,0,4,0,0,1,4,2,1,0,1,0,0,4,1,0,0,1,0,5,4,7,0,2,0,9,183
6,0,1,0,0,0,4,10,0,0,4,10,2,1,3,1,3,0,0,1,8,15,5,4,3,4,7,4,0,2,0,0,1,2,0,0,0,0,1,1,3,12,0,1,0,6,185
11,0,1,0,0,0,1,21,0,4,2,13,20,3,0,3,1,0,0,5,0,1,15,1,4,0,7,2,2,0,0,0,0,1,0,1,0,6,0,25,0,9,0,0,0,8,142
5,1,4,0,0,0,8,17,0,0,2,6,30,6,0,2,0,0,1,1,2,5,32,0,0,4,6,0,2,0,0,1,0,10,0,2,0,14,0,27,0,16,0,2,1,3,137
2,0,4,0,1,0,15,4,1,0,2,11,25,11,24,0,1,0,0,0,3,2,23,0,1,4,6,3,3,1,0,0,2,8,0,2,0,14,3,5,0,1,0,1,2,9,89
2,0,1,0,1,0,2,0,2,1,3,12,16,6,4,0,1,0,1,2,2,2,28,0,4,0,5,0,1,0,2,0,2,3,0,1,2,2,1,7,0,1,0,1,0,12,109
3,0,4,0,0,0,5,2,1,1,3,13,28,11,3,0,1,0,0,0,5,3,18,0,4,6,8,1,2,0,0,0,2,1,1,1,2,0,0,2,0,0,1,1,0,7,72
6,0,3,1,0,1,4,1,1,6,7,26,36,9,1,0,1,0,0,1,3,19,64,1,1,2,16,5,3,0,0,2,2,5,0,2,1,2,0,9,0,1,2,1,1,2,71
6,0,3,3,0,0,2,9,1,5,18,33,32,14,0,0,0,0,1,6,10,14,59,8,0,5,11,12,0,1,0,2,0,20,1,3,1,2,0,16,4,1,4,1,2,2,58
7,0,2,3,0,0,4,9,1,6,19,29,49,68,1,3,7,4,1,0,8,12,66,9,2,4,33,9,1,8,0,1,1,20,4,2,0,3,0,40,3,2,0,0,2,4,51
12,0,17,2,0,2,3,5,4,1,23,24,59,62,0,26,1,14,2,1,8,33,44,7,1,5,12,5,3,3,0,4,2,23,7,0,2,3,2,39,0,0,0,0,0,5,67
19,0,2,15,0,5,8,11,6,22,26,34,77,59,0,6,2,3,1,9,15,49,60,11,6,12,17,9,6,2,6,4,2,23,6,0,0,5,8,30,0,3,1,3,1,6,60
38,0,3,28,6,7,2,12,6,24,44,28,61,36,0,0,5,8,0,9,16,54,54,12,3,13,29,21,5,4,4,3,12,32,9,6,1,4,1,31,3,4,3,2,2,9,53
29,1,12,22,25,7,18,24,5,31,45,34,99,55,3,3,4,14,2,14,18,41,56,16,7,18,22,55,4,8,1,3,13,35,7,2,1,5,5,60,5,13,6,1,1,9,60
61,1,12,16,16,2,25,7,8,9,26,31,75,27,2,21,1,7,7,22,28,19,75,8,8,12,27,20,6,9,2,1,20,25,0,8,0,5,17,72,2,3,0,9,5,10,64
166,0,2,16,33,11,24,6,6,35,34,36,79,30,28,23,2,8,2,16,21,16,87,11,5,15,41,29,11,8,1,4,28,16,20,7,4,2,11,65,5,3,3,6,6,6,55
248,4,6,22,129,15,45,20,16,30,100,60,181,64,55,18,8,4,9,27,19,22,47,25,6,30,56,64,22,8,7,3,46,36,20,1,3,16,7,77,8,1,5,14,7,5,74
348,8,15,20,184,12,88,39,18,22,113,58,231,122,118,27,9,9,11,20,26,35,74,37,14,33,123,95,15,22,10,6,44,36,12,9,2,9,4,63,4,12,7,33,2,13,58
532,44,8,43,359,22,110,91,21,21,135,152,304,231,176,27,5,7,18,38,54,36,118,45,30,87,190,167,19,41,6,11,71,52,20,32,6,16,2,96,10,30,37,22,9,24,159
613,35,36,43,400,12,144,116,40,27,126,147,167,117,165,26,15,16,26,54,119,64,182,32,84,117,231,116,9,15,18,12,55,75,28,19,15,20,11,164,8,68,53,37,20,40,353
1093,142,156,176,424,88,190,275,87,137,512,522,681,594,539,70,41,59,66,164,185,238,378,98,115,174,486,315,63,73,67,31,129,87,68,36,34,57,21,355,38,93,54,92,70,116,475
1629,463,418,358,483,113,306,557,226,306,1204,1244,1573,1424,1109,113,117,112,132,414,488,445,844,178,221,337,954,613,106,113,58,53,208,293,235,58,81,124,30,873,85,202,140,234,143,243,709
2692,1069,829,870,660,376,654,1428,589,764,3188,3039,4626,4363,2752,297,252,238,429,1102,1062,1263,2325,477,427,1052,2822,1689,361,292,106,174,535,763,831,238,283,236,86,2708,342,696,516,520,461,687,1057
6135,1368,1239,1562,732,680,1212,3208,1542,1951,7605,6240,10782,10726,3707,644,525,468,904,1936,2116,2710,5555,1094,922,1957,6223,3516,745,527,189,326,1307,2395,1617,390,625,364,268,6313,707,1619,1256,1199,1121,1522,1989
9888,1587,1517,1858,770,907,1869,4513,2404,2983,11880,9566,16365,16595,3891,1205,1055,992,1453,2941,2947,4767,8822,1986,1250,3047,9714,5981,1299,923,350,457,2379,4037,2651,629,1140,733,789,8791,1235,2759,2153,2180,1638,2236,2438
9712,1643,2137,2440,983,1008,2508,4733,2517,3790,12332,9927,15494,15507,3337,1722,1770,1494,1825,3728,4077,5713,11408,2701,1816,4222,12668,7918,1861,1233,612,601,2846,5019,2836,1012,1570,1438,1148,9520,1670,3235,2570,2553,2342,3813,2947
7981,1220,1905,2536,796,1233,2457,3698,2453,3697,10311,8426,12374,11760,2814,1798,2173,1393,1747,3604,3600,5817,10826,3057,1926,4310,12157,7590,1971,1461,868,796,2793,5397,3101,1132,1908,2575,1596,8307,1599,2933,2700,2278,2408,4135,2559
6629,1098,1746,2827,755,1462,2523,3282,1833,3492,9361,7066,10688,9420,2254,1783,2349,1479,1612,3482,4085,5122,10590,3282,1743,4189,12011,8125,2346,1704,1025,969,3069,4878,3276,1159,1870,3239,2247,9158,1405,2752,2812,2457,2762,4606,2663
6433,998,1686,3041,919,1488,2370,3035,1770,3021,8593,7128,9499,8683,2179,1675,2309,1499,1469,3807,3686,5245,11185,3148,1775,4263,11306,8199,1960,1698,1218,1155,3124,4269,3096,1224,1702,3469,2372,9734,1319,2410,3012,2540,3030,4794,2435
6595,1048,1729,2804,1045,1467,1710,2482,1718,2466,6914,5917,8049,6908,2029,1325,1631,1063,1342,3519,2729,4545,8593,2371,1394,3324,7969,6183,1720,1352,866,878,2141,2748,2239,1058,1295,2703,1944,7655,1043,1759,2095,1669,2472,3274,1903
7185,1141,1542,2701,1244,1370,1369,1946,1263,1600,4603,4255,6138,4710,1988,957,1271,952,841,2415,1922,2952,5409,1697,1119,2410,5127,4190,1032,809,715,646,1307,1803,1800,984,893,2175,1478,5493,869,1326,1672,1112,1664,2501,1511
4866,1096,1345,1461,1058,973,1122,1280,712,918,2802,2451,3848,2590,1860,778,945,777,450,1484,1464,1672,3359,1025,971,1515,3062,2606,629,498,500,484,831,1240,999,585,678,1255,894,4072,583,1071,1128,742,896,1635,1159
3328,1123,1016,1440,767,704,1024,860,552,721,2069,1756,3087,2304,2134,613,766,747,383,1342,1114,1057,2411,876,725,1211,2216,2193,539,390,361,378,694,1048,892,412,345,1210,976,2965,533,958,1103,609,784,1671,934
2050,823,772,1037,672,490,807,557,347,360,1206,1077,2028,1335,1335,411,537,494,205,904,651,668,1445,546,400,658,1333,1137,267,198,273,203,436,581,426,237,240,731,518,1728,404,717,718,428,490,1209,583
1969,887,875,830,817,509,796,405,226,333,779,792,1469,911,1231,298,385,326,130,824,421,477,918,354,246,415,607,556,146,99,160,169,240,335,260,109,178,367,252,842,266,484,357,281,279,863,534
1735,725,880,960,825,454,797,353,240,349,787,702,1186,886,1193,220,244,204,111,746,271,344,626,286,162,316,496,433,86,71,185,139,161,230,143,69,110,249,163,790,139,318,195,237,142,568,365
1164,400,578,590,595,285,506,220,146,195,353,328,567,401,720,85,108,118,72,467,156,178,298,152,84,153,266,219,68,37,91,119,99,138,105,28,65,115,83,433,107,268,128,214,119,428,313
609,246,423,234,458,131,343,133,66,92,107,124,176,131,317,31,37,63,24,165,96,66,106,66,32,100,104,90,13,10,64,48,46,52,43,15,28,30,33,207,39,153,65,89,76,251,276
348,169,206,139,107,95,166,51,34,35,66,76,99,83,177,19,17,35,13,72,32,57,62,21,14,49,51,95,35,2,32,25,39,34,29,9,18,28,12,125,41,73,32,56,61,170,144
245,141,128,59,77,58,137,30,14,33,27,30,100,46,100,5,7,13,8,51,14,37,24,7,11,53,41,40,11,11,23,15,21,37,10,9,30,26,12,95,61,60,29,35,50,152,134
110,58,56,55,73,29,92,13,4,10,28,33,72,32,62,13,5,6,0,39,7,23,8,3,4,22,16,26,0,2,12,12,6,12,3,13,2,8,3,52,32,31,20,31,16,110,160
108,16,12,22,26,5,54,11,2,1,14,38,34,25,30,4,0,2,0,17,2,16,4,6,0,22,11,15,0,1,4,3,2,3,6,3,1,9,1,28,8,16,14,47,5,72,142
88,17,3,16,11,1,79,3,4,5,14,28,27,17,22,2,0,3,3,9,1,8,9,5,0,12,7,6,0,0,4,1,0,2,1,0,1,2,0,22,9,5,9,24,9,49,107
11,6,7,18,7,1,24,17,7,1,11,12,19,17,4,0,0,0,0,9,0,2,4,1,0,3,7,3,0,0,9,1,0,0,0,0,2,0,0,7,6,2,3,26,3,22,91
15,2,6,10,5,0,0,1,10,1,2,3,8,5,2,0,0,1,0,0,1,1,3,0,0,0,4,7,0,0,3,1,1,0,0,0,0,0,0,1,0,0,5,3,1,12,59
10,0,0,4,2,1,9,2,2,0,3,5,7,11,3,0,0,0,0,1,0,2,1,0,0,0,3,3,0,1,2,0,0,0,1,0,0,0,0,7,0,1,3,2,0,9,66
7,0,0,0,2,0,0,1,7,0,2,10,9,9,0,3,0,0,2,1,0,2,1,0,0,4,4,4,0,0,0,1,1,1,0,2,0,0,0,3,0,0,0,2,0,12,43
1,0,1,5,4,0,0,1,1,3,4,6,9,4,1,0,1,0,0,0,1,1,2,0,0,2,7,0,0,0,0,1,1,2,0,5,1,0,0,1,2,1,0,2,0,9,52
0,0,0,1,3,0,0,0,0,0,3,1,4,4,1,0,3,0,1,0,0,3,1,0,0,0,7,1,1,0,0,0,0,1,0,4,0,0,0,0,0,0,2,0,0,8,37
2,0,0,0,3,1,0,1,2,0,4,3,5,10,0,0,1,0,0,0,2,0,3,0,0,0,7,5,0,0,0,1,1,0,0,0,2,2,0,0,0,0,0,4,0,7,26
0,0,1,0,0,0,0,5,0,0,5,1,5,5,8,0,0,0,0,1,1,5,0,0,1,0,7,0,0,0,2,1,1,1,0,0,2,0,0,0,1,0,1,2,0,7,17
0,2,0,2,0,0,1,2,0,0,0,3,6,1,7,3,1,0,0,0,1,13,6,1,0,3,12,0,0,2,0,1,1,0,0,0,0,1,0,1,2,1,0,1,0,14,32
5,2,0,0,1,0,0,1,0,0,0,2,4,18,0,0,5,0,0,0,0,6,0,1,0,1,5,1,0,0,0,0,0,0,0,0,0,2,0,4,0,0,0,0,0,11,23
0,0,0,1,0,1,4,18,2,0,3,1,15,7,2,2,0,0,0,1,2,5,4,1,1,1,2,2,0,2,0,0,0,1,0,0,0,2,1,1,0,0,0,1,0,26,28
0,0,0,1,0,0,0,2,0,2,8,3,13,21,0,0,0,0,1,0,2,9,3,2,0,1,7,1,0,0,0,0,11,3,0,0,0,2,0,0,3,0,0,1,1,26,38
0,0,0,0,0,0,1,5,10,5,5,22,31,20,0,0,0,0,2,0,0,3,15,2,0,1,4,8,1,0,0,2,3,2,0,1,0,1,0,22,0,0,0,1,0,14,79
1,1,0,3,3,0,1,21,12,2,5,21,54,36,1,1,0,1,1,0,5,12,9,0,0,0,4,3,5,0,1,0,4,1,4,1,0,0,0,31,25,1,1,1,0,3,183
0,0,0,3,0,0,0,17,12,6,10,21,39,26,1,0,1,2,2,0,12,20,20,0,0,3,12,5,5,2,1,0,5,17,1,0,0,0,0,62,2,1,0,1,0,14,246
3,1,2,3,0,0,4,33,11,13,33,38,61,51,17,0,0,1,1,2,5,24,33,1,4,2,13,5,0,3,1,0,1,12,4,0,1,0,0,72,7,3,1,3,3,14,309
6,0,5,9,1,1,0,44,11,6,39,46,96,82,12,0,15,0,3,2,13,17,47,12,3,3,32,2,5,1,3,0,1,72,8,1,18,1,0,64,7,6,7,6,3,40,361
16,0,0,9,1,7,2,47,16,8,35,47,98,87,2,2,11,1,2,6,21,16,25,4,10,5,44,16,1,10,0,3,4,50,17,1,8,4,0,60,2,4,8,6,0,34,408
75,0,3,10,17,4,7,45,35,43,52,106,117,119,5,22,12,27,3,11,17,28,55,5,10,14,45,37,9,11,1,10,1,45,46,1,2,24,0,87,3,23,1,23,0,50,582
113,0,70,17,39,11,19,68,73,38,142,96,159,119,13,24,9,53,6,11,24,35,49,6,8,23,50,35,12,4,1,18,9,40,25,0,9,26,0,87,4,39,2,13,0,69,661
220,14,59,46,24,5,31,85,126,52,165,116,242,160,50,12,13,78,9,26,38,37,57,7,30,17,85,72,3,12,3,12,13,66,22,6,25,29,0,110,5,33,8,12,2,36,630
434,6,100,75,39,19,59,108,217,128,283,168,390,179,38,26,44,61,12,68,58,66,158,9,33,47,158,97,30,13,0,9,25,72,30,4,34,49,10,164,8,38,36,20,2,47,462
660,14,169,153,58,23,133,160,418,199,423,260,652,439,94,94,110,112,55,99,88,119,271,15,60,58,268,144,95,25,5,10,62,125,79,9,63,82,16,214,14,63,38,39,11,74,471
869,16,274,204,68,33,226,153,437,221,545,353,727,521,156,136,147,172,96,113,152,202,371,54,79,88,402,212,95,24,7,8,188,170,66,36,85,111,5,190,16,54,49,91,24,70,527
1092,53,404,291,125,60,384,252,572,253,685,638,1160,945,226,284,196,166,134,142,121,273,376,64,77,194,511,375,80,48,10,11,122,320,62,29,175,84,23,314,46,75,71,53,61,98,599
1474,72,581,421,164,70,513,289,766,408,977,713,1675,1172,313,419,306,237,145,174,260,331,500,120,81,255,633,453,96,99,15,34,137,384,87,26,197,141,44,526,77,77,71,82,43,187,559
2108,144,604,597,317,174,652,527,724,784,1766,1013,2576,2134,492,467,308,357,219,286,426,607,925,258,109,421,867,719,246,104,24,69,216,465,148,46,249,247,108,1059,89,163,127,171,73,183,489
2762,136,603,813,743,281,878,1209,912,1324,3330,2065,4360,3720,692,687,419,415,353,437,848,948,1789,507,271,664,1532,1269,384,140,53,98,449,859,345,91,417,421,212,1708,233,223,324,386,273,271,574
2580,346,582,406,947,269,856,1717,635,1058,2706,1708,3461,2870,771,430,367,405,294,673,1589,1006,2448,512,451,983,1735,1200,216,146,168,181,555,932,406,136,441,464,340,1802,227,280,326,457,354,294,708
2449,466,591,694,988,309,955,2076,680,1062,3226,2654,3770,3006,718,339,401,438,418,952,1729,1713,3558,908,803,1517,2385,1392,327,289,210,233,897,1266,409,372,499,626,490,2124,263,482,651,627,556,524,1040
2181,643,692,1190,884,542,1143,2217,956,1649,5093,4309,6295,5734,967,479,639,624,719,1369,1827,2538,4824,1291,835,1633,3901,2490,671,495,244,311,1441,1935,856,532,667,988,684,2992,490,638,964,976,1003,1043,982
2885,1028,1124,2794,904,1239,1678,3277,1391,2751,9666,8148,11861,11741,1803,843,1191,1118,1394,2786,2423,4615,8280,2294,1123,2951,7987,5394,1146,1060,568,775,2871,3899,2091,1112,1112,1796,1380,6789,1252,1353,2167,2065,2509,2273,1237
3763,1652,1334,3975,1272,1273,1991,3822,1737,3101,13074,11050,16073,17221,2387,1261,1969,1394,1487,3573,3046,6589,10663,3282,1465,3964,12220,7675,1782,1408,638,845,3552,4498,3495,1500,1478,2336,1917,10910,1635,2243,3241,2965,3486,3539,1720
5179,1943,1587,3477,1428,1245,2256,3691,1865,2968,11954,9734,14694,14354,2782,1484,1830,1423,1645,3672,2824,5641,10031,3182,1659,4061,12112,7702,1913,1298,635,937,3180,3785,3347,1336,1363,2489,2429,10896,1499,2644,3237,2878,3187,4105,1650
4504,1962,1441,2529,1440,934,1947,2991,1755,2273,8856,6848,10813,8902,2617,1256,1681,1122,1177,3086,2363,3984,7416,1957,1444,3088,8206,5251,1256,1115,600,687,2376,3029,2458,895,945,1571,1998,7874,1240,2236,2212,2236,2162,3563,1370
3540,1502,1125,2284,929,845,1803,2632,1657,1839,7011,5809,9277,7900,2543,1132,1717,1113,948,2708,1765,3128,5271,1587,1111,2433,6217,3981,963,963,495,675,1834,2260,1912,725,775,1693,1616,6356,1356,2466,2125,1892,1761,3364,1658
2745,1077,1015,1821,726,590,1492,2033,1406,1391,5201,3857,6495,5161,1871,858,1202,843,833,2272,1353,2257,3621,1088,918,1855,3656,2465,588,497,384,545,1377,1506,1315,419,535,1025,1153,4219,905,1759,1562,1152,1293,1970,1408
2755,978,910,1619,659,662,1482,1753,1272,1307,3951,3051,5161,4618,1520,710,1006,629,475,1598,1006,1520,2875,770,685,1396,2463,1775,380,291,366,424,1089,1163,888,333,387,858,707,3467,793,1497,1313,998,1087,1441,1185
2565,810,701,1367,744,730,1595,1317,897,1008,3129,2433,4220,3762,1346,571,937,430,353,1152,922,1180,2129,661,453,1044,1807,1275,280,173,367,338,837,823,613,271,273,724,480,2932,698,1294,1165,784,1142,1000,1272
2839,681,622,1125,717,560,1595,1361,844,895,3042,2154,4217,3531,1208,479,827,433,330,969,735,1280,1678,552,390,927,1352,1095,248,151,351,370,633,656,498,209,229,642,543,2924,747,1383,1003,659,1013,954,1325
2262,541,605,715,614,407,1365,1002,660,635,2262,1579,3008,2352,895,275,530,374,163,654,597,875,1336,335,320,656,910,910,182,137,264,301,461,579,363,164,162,447,390,2386,566,1059,825,473,985,654,996
2114,526,524,693,457,299,985,755,661,670,2047,1434,2635,2245,948,228,542,370,167,524,458,780,990,306,216,492,756,846,125,148,232,295,445,475,301,136,134,389,325,1952,496,1094,827,408,859,551,748
1698,330,357,503,328,300,734,525,479,435,1515,1209,2101,1670,743,193,459,308,118,430,425,556,768,297,130,357,631,584,111,78,201,154,263,370,263,107,129,212,169,1311,313,670,560,302,576,439,637
1473,255,249,306,296,291,589,352,327,342,1027,1022,1716,1394,744,142,319,233,103,428,229,400,604,191,130,305,602,430,112,93,186,71,195,240,178,83,77,160,90,990,161,460,390,293,480,403,569
1647,247,308,520,240,329,648,392,398,417,1239,1159,1872,1484,896,151,301,220,98,407,114,483,582,129,126,325,523,432,61,101,97,84,139,184,175,68,76,172,76,863,93,332,389,303,378,295,554
1619,178,316,480,174,229,449,278,267,381,1000,758,1285,1005,642,95,165,175,50,394,136,354,433,121,96,297,468,328,37,36,64,70,127,98,132,60,93,92,49,612,53,312,344,200,196,181,538
983,144,188,278,130,164,338,184,174,262,571,411,724,473,491,58,118,135,44,291,186,199,331,91,49,174,321,243,23,23,39,50,86,69,82,60,36,60,55,307,27,153,285,142,109,135,505
524,107,118,205,72,159,251,70,129,141,412,276,495,332,389,58,85,46,51,220,74,216,191,61,35,93,203,160,24,24,18,31,41,32,58,26,25,55,34,238,30,76,150,130,64,102,455
475,86,226,204,40,151,185,54,62,69,195,159,251,221,253,22,39,80,22,149,51,151,119,25,19,52,137,65,31,17,7,37,63,25,71,11,27,58,12,206,77,80,205,122,47,87,439
314,70,213,134,28,86,114,23,23,38,92,113,123,96,112,16,9,47,11,82,31,70,75,5,21,36,90,49,14,3,3,20,40,15,33,4,14,46,21,119,14,63,183,127,34,95,375
172,52,109,51,25,36,83,13,9,16,77,77,48,64,60,1,9,38,3,37,8,43,29,16,6,15,59,33,5,7,5,3,13,7,15,5,8,34,10,84,13,35,148,81,20,86,332
99,30,70,28,22,19,46,8,15,6,68,52,26,39,39,2,0,35,0,6,9,54,22,17,2,12,43,35,4,1,2,4,24,7,14,2,4,3,1,73,9,24,53,39,22,115,334
104,21,41,28,8,7,16,6,3,1,20,41,27,18,15,2,0,15,0,1,9,5,17,10,4,17,41,18,1,0,3,1,26,6,10,2,0,12,0,71,2,33,29,30,8,160,376
92,37,21,16,1,4,6,6,2,1,8,15,17,17,9,6,2,2,1,3,3,5,23,8,2,1,38,6,1,2,0,2,16,0,8,2,0,0,0,50,1,22,38,48,25,123,461
77,21,25,5,2,1,11,8,3,3,19,28,17,14,5,5,2,0,0,3,3,8,9,5,0,5,15,6,0,2,0,0,7,4,12,0,0,5,0,30,1,24,24,22,23,86,472
30,3,18,6,1,2,0,4,1,3,18,11,45,20,4,1,1,0,0,4,6,4,14,18,2,1,11,15,0,0,0,0,6,0,9,1,3,4,1,12,6,13,24,6,14,50,510
7,1,1,0,0,3,1,9,1,0,10,21,29,11,4,1,0,0,0,3,9,36,4,21,5,2,21,12,0,2,0,0,7,3,0,1,15,3,0,25,0,7,8,9,3,46,653
12,2,3,1,1,0,2,19,0,0,10,26,38,10,0,1,0,0,0,2,1,28,5,10,6,10,22,0,3,0,1,1,11,4,1,4,4,2,1,17,1,4,21,20,0,46,591
12,0,0,1,0,0,2,14,0,1,20,36,60,15,5,0,0,0,0,0,2,13,8,3,5,12,22,7,3,3,0,0,7,1,7,1,0,5,0,38,0,8,4,11,3,49,540
9,2,0,0,4,1,1,4,0,3,13,67,95,13,1,2,1,0,0,0,2,14,14,3,0,17,14,8,0,2,0,15,1,2,2,5,0,1,1,13,0,4,7,32,2,49,569
1,1,0,3,3,0,0,16,6,3,4,47,35,10,29,1,0,4,0,2,4,8,7,0,3,5,16,8,1,0,0,34,2,24,2,18,1,0,6,8,2,5,6,11,2,32,425
3,1,0,18,3,0,4,19,4,4,10,26,29,17,34,1,2,1,0,1,15,12,11,2,5,6,28,10,2,0,7,16,13,6,2,3,1,11,4,12,1,18,21,6,2,6,274
9,0,1,12,0,0,0,22,9,0,17,14,40,34,22,1,7,0,0,0,6,9,13,7,1,10,34,11,0,2,10,19,2,10,5,15,1,0,5,2,3,6,14,39,7,15,170
3,2,0,20,2,1,0,31,18,1,23,21,58,22,9,1,40,0,13,0,4,15,13,27,1,8,53,23,0,1,9,30,3,42,10,19,0,4,1,24,3,12,7,41,2,19,190
0,2,0,61,0,0,0,27,18,1,55,37,71,50,11,0,5,7,10,9,3,11,13,9,2,1,33,17,0,1,13,37,1,54,3,8,1,0,1,15,5,7,2,50,16,10,222
3,2,29,64,0,0,1,15,5,2,77,55,83,94,6,1,5,35,12,6,6,13,30,19,1,3,34,26,5,6,5,20,4,85,11,2,0,2,0,25,9,4,4,16,7,18,231
3,0,5,38,3,0,0,9,5,0,35,42,67,82,3,3,0,9,5,7,10,12,27,10,16,4,19,21,4,0,2,6,5,42,10,1,2,5,0,25,4,6,8,8,7,33,291
2,2,15,42,1,0,1,6,8,20,39,35,79,76,3,0,0,8,2,4,10,20,22,0,6,12,43,27,3,1,1,5,2,36,15,1,2,1,0,22,1,7,7,17,8,27,382
15,0,6,22,1,0,1,10,6,3,42,35,54,68,7,0,0,1,0,7,4,27,43,7,3,15,88,33,6,4,1,2,7,30,23,0,1,0,0,42,1,30,16,5,10,16,355
27,0,10,15,0,1,2,10,2,8,19,25,68,63,6,10,0,3,1,14,6,31,31,6,7,36,45,22,4,0,3,1,8,15,24,1,3,2,3,23,2,35,9,1,6,14,240
69,16,17,16,0,0,2,16,9,5,45,80,98,76,5,6,0,5,1,1,14,15,25,3,2,22,43,41,7,1,1,2,5,12,7,2,2,10,0,96,4,72,5,5,6,43,289
120,10,2,52,0,0,16,28,16,16,97,142,142,76,25,8,0,80,3,4,18,53,47,3,2,34,62,39,3,1,0,0,5,15,7,0,2,23,0,180,0,63,15,14,26,46,277
137,10,6,50,3,3,26,31,17,16,170,145,233,68,98,6,1,59,3,26,23,91,43,7,7,47,82,73,34,16,1,0,9,30,3,0,0,28,0,255,5,132,22,17,65,79,230
96,15,11,96,2,6,24,29,49,17,198,139,226,123,95,2,14,59,10,78,25,67,37,12,18,34,97,69,26,12,2,1,7,52,3,0,6,20,2,209,8,136,16,62,70,89,219
125,39,40,178,9,16,31,34,33,45,281,203,360,250,128,10,76,51,4,64,40,100,64,19,12,43,147,163,31,37,4,6,11,102,4,0,0,54,1,264,26,232,23,56,68,77,238
320,46,52,264,11,32,64,56,194,71,348,310,775,640,239,14,148,63,20,122,64,229,168,104,25,56,240,241,44,74,17,15,51,195,53,24,9,207,3,460,60,313,89,130,189,148,283
574,75,79,362,46,81,104,153,371,221,871,678,1322,990,348,15,196,103,58,251,101,331,342,190,53,119,469,274,101,133,39,28,115,278,94,70,22,308,8,858,149,433,232,239,323,230,348
1030,113,143,531,83,95,101,303,424,291,1460,967,2182,1422,518,38,231,170,137,413,152,504,480,348,130,252,817,444,117,152,87,94,440,593,311,153,51,394,43,1146,213,736,412,397,347,252,410
1662,191,244,671,190,122,205,471,581,519,2941,1625,3756,2444,580,69,250,223,229,847,259,1026,935,539,249,626,1592,937,217,163,179,282,1145,1104,802,296,146,782,64,2092,403,1326,898,772,803,602,605
2240,286,347,985,417,131,448,1050,763,937,4990,2771,5766,4136,909,113,297,270,369,1747,540,1944,2132,840,727,1135,2922,1716,536,266,320,405,2116,2369,1511,401,456,1225,210,4044,622,1790,1382,1215,1536,1373,1069
2610,494,648,1351,522,278,843,2079,1036,1288,5848,3166,6325,4820,1454,200,345,527,796,2207,1045,3118,3342,1303,1117,1866,3283,2558,688,360,522,564,2286,2965,1718,717,912,1430,567,5379,958,2136,2037,2037,2663,2007,1561
2176,613,920,991,817,237,1219,2843,845,1012,4317,3068,4335,3449,1037,283,375,676,603,1884,2174,3138,3744,1052,1320,1741,3873,2177,679,407,676,521,1896,2273,980,638,1093,1119,902,5571,863,1823,1970,1678,2016,2064,1842
2262,1236,1402,1680,891,582,1683,3618,1690,2310,7570,6292,9456,8236,1625,721,644,979,1335,2362,2366,5527,6319,1942,1362,2812,6553,4582,1213,956,965,717,2126,2595,1643,1002,1507,1794,1523,8233,1364,2658,2775,2390,3117,3774,2293
3646,2192,2301,3629,1413,1672,3745,6075,3139,4254,15840,13065,20612,18800,3353,1530,1376,1597,2328,4204,3753,9441,12114,4495,2221,5503,13428,10231,2247,2214,1523,1316,3609,4849,3913,1524,2378,3277,3076,16630,2716,4776,5301,4779,5013,8047,3688
5961,2869,2944,4540,2237,2332,4068,6017,3252,4637,16745,13533,22504,22113,4711,1770,1823,1707,2117,4118,3319,7281,12121,4347,2199,5608,12915,10068,2582,2229,1300,1337,3433,4636,3651,1428,1892,3049,2575,15315,2417,3889,4444,4336,3629,5827,3238
10074,3537,3704,5145,2401,2394,4422,6154,3172,4800,17550,13691,22090,23076,5017,1960,2424,1689,2218,4419,3338,6681,12192,4196,2300,6121,13686,9971,2450,2462,1174,1386,3588,4921,4235,1494,1763,2982,3177,13852,2321,3810,4405,4471,3305,6009,2584
12297,2946,3386,4615,2282,1920,3790,4834,2697,3502,13100,10513,16327,16461,4085,1901,1949,959,1893,4053,2797,5263,9337,3194,2428,5377,11180,8646,1843,2164,1325,1260,3554,4099,4272,1519,1536,2747,3248,10538,1882,3261,3971,3496,3316,5269,2896
8345,1789,2134,2996,1579,1174,2627,3601,1675,2519,7306,6145,9137,8725,2491,1380,972,463,1204,2833,2282,3477,6337,2208,1812,3705,7951,5757,1439,1445,949,968,2944,3094,2670,1220,1142,2386,2199,6346,1225,2182,2508,2199,2518,3486,3230
6947,1471,1695,2459,1348,1012,1939,2600,1422,1979,5374,4733,6963,6499,2185,1220,1067,502,955,2228,1509,2920,5054,1776,1338,2770,6193,4572,1122,1025,853,633,2230,2319,1794,988,1017,1771,1549,3996,850,1504,1520,1314,1839,2513,2503
6036,1138,1528,2265,1376,1001,1686,2114,1191,1672,3725,3263,4988,4822,2012,1227,1103,618,766,2127,1256,2370,4108,1253,906,2239,4603,3163,781,698,554,531,1814,1730,1203,802,827,1400,1115,2699,642,1030,1016,798,1095,1443,1445
4304,1072,1222,1819,1300,833,1323,1299,838,1141,2148,2091,3258,3015,1766,932,946,678,532,1569,1038,1730,2852,880,628,1357,3086,2132,519,396,363,438,1165,1145,828,504,547,885,653,1761,371,652,622,499,529,788,1121
3216,984,1057,1245,1185,677,1055,870,562,716,1511,1371,2185,2029,1656,801,779,566,372,1158,683,1055,2047,564,412,944,1885,1384,323,254,280,296,814,939,483,305,580,731,384,1256,272,407,403,330,365,508,865
2296,770,892,742,942,539,776,499,316,406,853,692,1204,965,1239,568,577,456,179,723,433,479,1141,303,261,532,962,843,151,129,232,232,465,541,290,180,354,431,214,696,142,254,227,160,237,308,642
1496,553,624,528,580,486,616,233,227,225,488,412,788,571,1161,388,353,248,131,410,210,239,621,138,107,267,580,434,115,62,142,110,305,348,173,95,202,225,110,436,113,180,150,109,126,168,466
1072,384,430,291,339,341,470,140,111,101,277,182,452,308,723,200,224,135,85,291,116,130,340,76,44,146,260,245,70,24,86,52,158,188,81,55,91,144,41,218,50,108,85,101,58,67,269
1026,458,423,263,329,301,483,83,89,76,169,137,358,172,624,130,167,98,80,278,109,105,233,40,27,96,219,131,48,14,97,24,67,123,114,23,81,67,32,150,47,102,46,62,78,62,270
1051,393,526,316,312,310,513,110,75,105,212,165,370,237,564,107,177,100,134,302,147,159,235,42,35,66,199,202,20,17,93,31,66,86,155,32,55,51,24,176,74,76,65,135,116,64,190
674,241,455,250,212,188,296,42,48,82,175,110,298,198,301,75,99,69,66,172,48,92,158,28,68,65,125,156,18,8,76,23,47,74,76,29,51,50,6,156,76,70,65,64,114,64,167
367,157,281,78,201,64,148,21,8,30,85,41,95,69,111,52,71,28,11,64,47,28,55,17,27,29,47,66,6,1,34,16,15,41,32,15,29,55,5,125,44,24,60,22,42,19,126
232,83,115,50,62,39,84,37,9,13,45,41,93,60,79,20,27,34,9,25,22,39,29,10,19,37,40,46,12,7,47,17,27,41,41,52,16,29,5,103,34,27,47,19,40,12,97
228,44,97,51,55,25,86,21,35,12,27,51,74,71,43,12,61,28,17,39,19,18,45,26,15,29,30,40,3,4,55,12,16,21,14,62,23,33,5,129,30,39,36,3,46,30,97
153,13,36,29,23,16,66,27,18,5,29,18,66,57,15,4,49,14,8,16,25,10,30,39,6,11,49,24,5,3,25,19,4,14,5,10,4,18,12,102,11,40,36,0,21,30,100
59,9,5,17,22,6,30,15,12,4,37,27,63,43,7,10,27,23,3,13,10,2,10,24,6,7,11,17,0,1,15,31,9,21,1,14,1,8,5,58,16,19,27,8,9,37,133
23,8,3,2,3,3,15,14,7,0,10,19,50,36,11,15,6,7,0,3,5,11,11,1,4,6,15,14,1,2,5,6,0,6,2,0,1,3,1,27,4,4,18,9,2,29,147
21,2,0,0,1,0,7,23,3,2,7,27,29,8,4,3,3,2,0,1,1,1,13,3,1,0,10,3,1,1,0,3,1,0,2,0,0,0,0,38,2,3,12,21,17,36,99
19,0,0,7,1,0,22,41,5,0,12,5,35,16,1,6,0,2,0,1,1,2,10,2,0,0,6,0,3,0,0,2,9,3,2,1,0,0,1,34,0,1,4,12,20,29,119
6,1,0,16,0,0,53,34,4,0,2,13,13,17,0,1,0,0,0,8,1,1,6,4,0,2,3,6,0,0,0,3,2,0,1,0,0,3,0,8,20,1,15,18,35,35,90
4,1,0,7,0,0,49,22,6,0,3,24,28,6,0,2,2,0,0,3,2,1,5,8,2,0,5,0,0,0,1,0,0,0,43,0,0,3,0,4,15,0,3,2,14,38,125
4,1,0,3,0,0,34,21,2,1,9,14,22,7,0,6,2,0,2,0,2,0,5,0,2,7,6,1,0,1,10,5,0,0,9,0,0,0,0,3,5,2,1,2,10,28,128
0,0,1,1,0,0,17,3,0,0,14,5,6,4,0,5,0,0,0,1,2,2,6,1,0,6,5,0,1,0,1,2,0,4,0,0,0,0,0,6,13,7,0,0,6,38,116
1,0,1,0,0,0,13,7,6,0,11,3,8,5,0,0,0,0,0,0,0,6,7,26,0,3,4,0,0,0,2,2,0,10,2,0,4,1,0,0,4,3,0,0,9,30,98
2,0,0,0,0,0,5,9,3,1,5,3,10,13,0,0,0,0,0,0,0,6,24,8,0,1,10,0,0,0,1,0,0,25,0,0,1,0,0,15,1,0,4,0,6,11,98
0,0,0,2,1,0,1,2,0,0,1,1,9,14,0,0,0,1,0,0,1,4,5,4,0,0,11,1,0,0,1,1,0,22,2,0,4,0,0,4,0,0,1,2,0,7,89
0,1,0,4,2,0,0,2,2,0,0,2,12,8,0,0,0,3,0,0,0,8,6,0,0,1,5,0,0,0,6,0,0,9,0,3,1,0,0,4,7,0,2,2,0,4,97
4,0,0,0,0,0,1,5,3,0,0,2,4,6,6,0,0,0,2,0,0,7,6,1,0,1,5,3,0,0,0,0,0,1,0,1,1,0,2,2,4,0,1,13,4,1,83
10,0,0,0,0,0,2,4,10,1,5,2,10,7,0,0,1,1,0,0,0,9,8,1,0,0,12,2,11,0,0,0,17,1,16,0,0,0,0,4,13,0,9,38,3,5,65
0,0,0,1,0,1,5,11,10,0,8,3,34,31,4,7,0,3,0,1,0,14,15,4,0,0,15,5,2,9,0,0,13,1,0,0,0,11,8,22,20,4,7,19,0,11,39
1,0,0,2,1,4,7,4,3,2,28,22,87,71,1,0,2,3,1,3,4,14,88,5,0,11,47,29,0,14,1,0,6,6,3,1,0,32,10,11,20,5,4,19,3,3,77
1,0,1,4,0,3,4,22,3,0,15,18,79,61,2,0,1,1,2,3,8,2,88,1,4,14,40,11,5,6,2,2,6,2,1,1,2,41,8,19,0,3,14,4,6,11,147
2,0,10,6,2,3,18,14,8,0,44,38,71,60,1,6,0,0,1,2,13,5,64,2,7,6,45,15,2,1,1,0,3,15,1,0,0,8,3,32,2,8,28,7,4,23,214
4,5,7,23,1,5,18,9,7,1,35,51,100,84,18,4,8,0,1,1,12,12,51,18,5,10,64,9,9,1,0,14,1,20,6,0,0,11,1,22,0,4,18,11,0,5,162
17,6,2,29,0,11,6,11,2,1,18,48,42,56,3,0,20,0,3,6,10,12,16,17,6,6,69,13,2,0,1,10,4,17,2,0,2,2,1,31,2,0,28,4,1,1,79
81,16,6,11,0,26,4,14,2,0,35,50,56,55,3,0,24,0,1,2,11,22,27,97,6,17,99,20,4,4,2,8,14,24,3,0,4,10,0,14,0,4,38,5,0,8,128
96,10,10,6,0,12,3,17,0,2,46,41,64,32,2,9,14,2,9,2,11,28,24,81,3,9,90,15,27,1,1,3,13,14,10,0,11,18,0,51,0,1,36,3,0,10,122
42,9,2,13,0,18,8,23,5,2,77,39,83,45,1,7,4,5,9,4,30,18,31,80,5,14,106,13,17,0,2,13,14,18,24,1,24,15,0,60,1,2,36,2,2,33,72
37,35,13,51,0,18,9,55,17,0,158,100,184,49,2,10,11,4,7,3,26,16,64,103,15,25,182,40,45,22,11,25,25,35,15,1,30,5,1,95,3,3,37,3,1,35,79
80,30,9,51,0,13,5,46,14,4,186,106,251,116,9,2,7,9,10,13,34,32,93,79,8,22,121,54,39,18,10,8,19,43,19,4,29,6,2,97,8,10,38,5,8,57,61
141,77,18,36,3,1,16,80,9,9,217,104,208,189,31,30,11,22,5,36,33,56,140,96,16,45,173,92,43,25,17,8,33,59,15,5,39,7,0,147,8,46,37,5,15,109,60
269,111,14,19,22,4,45,100,14,63,308,176,392,268,82,74,57,29,7,79,71,66,273,131,25,71,379,237,98,126,8,13,60,103,26,6,97,11,10,218,30,41,69,34,18,153,92
882,108,27,62,61,33,59,145,26,81,406,519,654,592,199,110,95,36,21,111,126,92,669,172,27,77,718,404,60,142,10,29,98,104,56,9,188,35,34,418,29,85,161,107,32,254,75
2138,112,93,97,114,158,77,263,58,227,733,811,1113,1208,335,181,138,91,95,253,301,196,1640,363,100,131,1165,759,286,176,26,23,126,168,100,31,335,103,55,803,45,154,310,264,68,392,174
5059,132,171,278,202,253,169,675,177,462,1865,1828,3233,2882,435,394,378,181,191,555,804,621,4609,877,193,474,2807,1414,578,253,105,65,292,338,237,90,402,214,236,1809,164,538,888,421,242,1025,373
7152,220,310,327,415,273,365,1019,432,661,2506,1925,4507,3632,522,354,473,299,304,1112,1769,1283,5937,985,519,933,3337,1906,531,363,138,146,476,427,286,173,364,332,539,2691,311,733,1162,563,345,904,556
7252,434,851,587,941,301,1123,2478,566,1014,3193,2378,3145,2760,832,287,607,526,463,1617,4224,2455,9052,1173,1231,1810,4422,1946,406,402,296,336,730,1059,633,343,545,478,1445,5015,599,1358,1757,934,787,1670,1655
8319,809,1755,2779,938,928,2678,4729,2242,3367,10373,8596,13064,12959,2801,1117,1420,1536,1580,3817,4693,7258,14699,2891,2069,4437,11117,7006,1730,1596,730,552,2280,2897,2266,944,1218,1736,2409,10271,1801,3406,4703,2197,2577,4815,2422
7384,1568,2602,4462,1515,1583,4537,8166,3989,5180,17857,13629,21850,20642,4807,2013,2701,2298,1997,5054,5403,9649,15963,3529,3022,6448,13920,10316,2097,2009,1202,1032,3808,4473,2836,1370,1741,2924,3168,13301,2081,3876,4504,3511,3187,5223,3169
8119,2430,3062,6632,2530,2349,5245,7426,5092,5106,21527,15477,26635,24596,6993,2351,3070,1989,2191,5631,3736,7746,12055,3650,2363,6355,14493,10529,2283,1874,1285,1284,3995,5022,3235,1575,1969,2393,2449,12414,1923,3900,3831,3796,3210,4725,2847
8023,2041,2577,5583,1938,1960,4265,5737,3899,3936,16881,12060,18862,18686,5626,1768,2483,1387,1977,3965,2398,5327,7455,2279,1930,4754,10457,7081,1947,1307,1083,1196,3135,4054,2622,1474,1749,1851,1805,8475,1294,2742,2372,3024,2760,3633,2734
5663,1544,1798,3133,1310,1417,2645,3158,2306,2399,9794,6269,10304,10326,3190,976,1561,820,1235,2418,1388,3237,4415,1381,1233,2818,6354,4280,1121,817,677,876,1934,2997,1773,936,1252,1480,1066,5406,691,1768,1588,2037,1790,2349,2059
3471,962,1090,1472,765,788,1777,1469,1039,1221,3993,2545,4281,3794,1749,513,805,529,549,1327,764,1321,2130,594,665,1307,2803,1726,461,323,346,519,1046,1567,894,370,622,846,500,2717,356,829,709,1118,1007,965,1348
2322,786,808,1292,678,783,1374,932,741,819,2547,1728,2739,2659,1388,541,602,408,428,1024,557,979,1434,404,325,919,1961,1290,329,194,361,328,756,1130,777,283,424,632,383,1837,271,901,645,708,816,590,768
1847,678,605,858,472,558,1032,530,408,660,1539,1181,1434,1373,987,288,459,257,192,781,401,559,954,300,234,577,1381,805,251,104,234,214,559,764,513,181,318,533,187,1149,160,535,342,491,516,419,564
1359,571,442,734,491,425,730,299,307,463,1012,690,912,755,710,163,332,226,95,585,251,311,584,196,111,388,964,582,152,86,204,285,352,587,482,108,258,369,86,775,95,418,244,336,326,248,355
1022,726,350,558,443,300,489,143,170,291,546,365,525,494,470,111,208,232,54,374,162,179,442,122,62,318,559,377,136,52,174,166,179,381,372,95,246,225,51,608,140,346,198,248,264,178,337
776,618,277,513,521,218,357,127,178,160,439,286,402,370,425,111,156,155,55,247,166,158,565,93,52,264,504,355,83,46,142,159,139,368,234,63,232,201,20,514,140,339,170,212,274,134,302
478,346,149,323,351,192,265,109,98,178,417,201,342,276,353,88,146,77,44,148,84,130,372,61,38,194,347,186,58,22,65,62,110,214,109,48,173,200,11,309,96,230,156,130,179,125,277
364,326,138,230,432,149,279,106,73,121,277,180,439,287,298,69,104,96,47,155,91,148,264,84,48,146,285,168,47,11,57,66,79,169,83,55,115,129,25,180,62,170,90,85,118,78,204
325,277,175,290,383,151,290,148,139,126,370,238,554,361,258,81,158,63,31,210,146,201,360,91,96,169,328,207,54,13,76,80,74,196,72,32,106,125,20,320,86,177,103,83,107,101,231
505,217,219,315,339,253,452,240,130,314,766,506,1339,711,313,113,173,91,107,305,151,407,546,149,141,374,644,338,107,51,117,104,120,212,141,98,103,188,23,246,106,184,91,100,97,148,219
397,198,281,195,336,133,402,97,105,141,710,377,1089,596,260,68,112,73,159,306,120,255,522,171,85,321,760,387,110,52,81,50,91,131,155,44,63,158,19,183,60,123,69,64,71,161,260
349,114,180,69,249,38,256,107,51,33,209,137,229,124,48,18,41,55,19,108,128,86,252,44,80,129,266,95,10,8,45,53,67,95,28,28,12,38,21,119,16,63,41,73,27,38,407
145,71,123,89,97,29,143,73,31,43,175,110,337,192,61,30,37,27,9,103,90,63,193,40,31,113,192,157,22,10,38,13,53,45,27,18,18,75,23,58,30,23,24,34,15,39,267
221,76,115,113,59,76,232,86,44,49,239,160,361,260,101,18,68,44,11,132,118,82,277,62,20,164,215,177,32,18,44,31,51,31,29,21,35,70,11,136,37,47,28,28,24,48,258
125,34,51,85,61,56,116,56,30,24,112,147,218,171,32,14,41,25,13,72,108,60,202,45,24,76,206,118,23,4,22,11,31,18,13,19,24,40,13,93,15,50,28,16,30,43,277
81,36,13,41,42,33,60,39,40,9,91,171,143,99,21,16,20,25,2,39,113,34,119,21,20,104,192,99,10,4,29,9,11,2,7,9,17,19,7,93,7,56,36,6,41,37,319
29,30,6,13,28,18,80,9,15,4,72,69,110,55,4,30,31,5,9,15,86,26,73,25,19,84,130,65,14,1,1,5,1,6,6,11,4,10,1,84,7,20,10,8,11,13,361
41,9,7,6,8,10,39,4,10,3,25,35,87,38,10,13,20,1,4,7,43,32,55,22,17,28,96,47,7,0,0,0,6,2,1,3,3,2,4,58,11,4,2,5,3,15,397
49,10,10,9,4,4,26,12,3,3,27,28,67,35,5,4,6,0,0,6,17,26,35,9,29,17,32,27,1,1,0,0,2,1,0,0,0,6,0,42,2,1,1,1,3,1,415
26,12,8,4,2,0,12,9,0,7,54,15,31,52,1,3,3,6,0,0,30,10,13,6,26,22,35,12,0,0,0,0,3,0,0,0,0,11,0,20,9,7,3,0,2,7,437
10,1,1,1,2,0,10,1,1,4,22,10,24,57,3,9,1,6,0,3,22,5,21,2,10,28,21,20,6,1,0,1,4,3,0,0,0,13,0,36,8,12,0,4,3,2,472
5,3,3,2,4,1,5,6,0,1,42,4,36,87,17,17,1,3,0,0,7,25,14,2,5,3,13,14,2,0,0,1,1,0,6,2,0,8,0,41,2,7,2,3,1,0,523
5,2,1,2,1,0,7,2,3,3,15,12,36,63,25,17,6,0,1,0,6,7,16,5,3,6,26,19,0,0,0,0,2,0,0,1,0,22,0,30,0,19,0,5,10,2,540
12,3,1,7,0,4,18,0,0,1,19,10,34,62,37,6,7,0,3,0,2,4,10,0,4,8,16,2,1,0,0,0,3,2,20,0,0,23,0,32,5,13,2,0,12,5,392
8,1,3,1,0,18,14,4,0,6,17,26,55,77,12,0,1,0,5,0,4,8,7,6,4,15,17,2,0,0,0,2,0,11,12,0,1,26,0,23,0,3,3,2,12,14,527
4,4,6,3,0,4,28,1,1,2,7,18,50,59,2,5,1,0,15,3,3,18,19,5,7,12,23,7,1,0,0,1,1,26,6,0,1,12,0,23,3,2,4,3,9,9,617
6,4,12,1,1,4,23,13,5,1,10,10,61,26,10,1,4,1,7,2,4,10,12,6,1,15,13,6,2,3,1,1,1,10,4,0,0,23,0,15,3,4,5,12,4,7,711
1,2,1,2,2,1,11,7,5,2,19,21,51,34,7,4,2,0,4,4,4,8,9,27,1,8,14,10,0,0,0,0,6,11,13,0,0,8,0,30,6,5,4,27,9,11,766
5,4,1,14,0,5,10,13,5,9,107,64,100,58,23,8,9,3,1,10,2,12,9,4,4,13,25,13,2,27,3,0,1,16,19,0,3,18,1,37,3,4,16,16,32,22,1178
2,24,0,39,1,0,25,21,2,27,143,170,202,118,38,13,35,4,28,18,17,91,40,24,3,63,81,62,15,30,10,0,11,27,48,1,12,16,2,116,13,59,14,34,69,67,1978
28,2,52,54,7,10,38,34,3,44,196,195,387,126,33,9,58,29,40,9,23,55,158,31,9,82,105,96,10,15,10,3,8,18,38,0,31,41,23,238,61,182,7,91,58,96,2895
27,8,25,51,11,11,26,45,11,11,99,137,436,155,18,15,69,17,38,6,11,19,136,54,11,75,115,54,15,7,9,0,36,22,41,6,15,52,50,317,79,80,12,60,96,99,3029
42,3,18,52,23,16,54,71,7,2,104,91,398,173,33,12,64,7,33,20,20,45,100,45,6,63,90,38,21,1,4,7,32,21,40,5,19,31,42,234,66,45,37,79,51,199,1979
141,2,31,38,27,22,59,50,14,8,97,131,435,305,95,32,67,15,37,10,14,60,79,78,18,58,93,27,12,6,6,5,17,19,52,2,3,31,21,456,67,65,66,30,76,356,1556
170,17,53,35,10,8,91,54,14,10,123,138,409,267,140,21,51,21,14,9,19,62,133,34,13,112,65,52,7,11,6,1,17,44,38,7,3,65,8,349,108,59,47,34,52,375,1045
256,8,79,26,16,11,70,57,18,15,96,96,243,268,106,35,42,14,27,9,23,45,85,16,10,60,70,31,16,1,2,26,10,112,19,2,4,38,4,234,67,60,72,27,36,198,790
389,21,92,40,21,9,63,82,27,12,118,168,284,335,156,30,44,6,43,18,19,80,124,9,19,44,77,33,16,4,3,23,22,156,34,7,18,33,6,288,39,45,90,41,108,153,504
388,103,84,74,10,22,83,81,52,20,161,200,459,423,102,22,26,7,18,35,23,160,114,16,6,48,106,48,19,7,2,12,16,164,46,3,19,57,8,434,55,49,117,22,99,249,413
441,161,87,75,36,37,96,135,58,26,115,208,460,392,145,23,48,25,34,45,60,154,156,8,14,48,139,49,31,13,2,14,29,199,63,14,12,53,15,401,52,162,144,25,77,245,258
1013,191,123,203,198,109,174,166,77,79,269,427,828,928,193,144,146,57,32,113,145,158,374,24,21,91,254,84,48,37,2,13,47,332,106,23,18,63,7,639,53,254,209,25,120,341,149
2226,525,151,483,216,236,322,300,107,109,575,485,1225,1396,316,238,290,55,61,214,203,226,637,63,96,207,363,312,78,74,11,19,97,580,195,33,25,68,25,961,91,289,328,118,175,399,187
3687,1006,278,868,246,283,688,554,223,196,1502,971,2547,2540,580,500,505,122,95,354,264,393,1069,191,268,352,598,637,112,172,41,66,147,945,518,42,60,143,49,1247,143,398,529,232,309,500,223
5550,1422,519,1789,573,354,1063,1026,466,275,2894,1847,4288,4616,1212,927,604,135,213,789,455,650,1943,453,521,821,1165,946,203,162,104,241,387,1559,1061,213,68,262,100,1925,241,402,809,620,407,663,257
6578,1569,752,2509,880,742,1611,1795,943,689,5376,3555,6972,6863,1718,1154,780,251,439,1571,776,1290,3223,918,799,1555,2500,2008,365,222,225,639,685,2178,2140,357,256,490,257,3135,486,849,1550,1137,873,1434,331
5808,1464,1204,2989,1240,1180,2172,2359,1682,1237,7630,5323,9119,8419,2209,1290,981,464,645,2314,1444,1887,5372,1458,972,2149,4120,3237,679,354,523,845,1112,2613,2778,575,547,734,511,4303,628,1197,2067,1677,1132,2151,427
5486,1159,1456,2650,1815,1393,2141,2575,1951,1967,7209,5725,9595,7956,2147,987,1202,727,873,2538,1559,2440,5839,1872,1007,2431,5317,4482,812,540,801,873,1969,2233,2572,602,764,1195,755,4665,940,1432,2083,1785,1473,2361,648
3624,1014,966,809,2441,317,1903,2997,704,1102,2761,1863,1787,1191,780,218,678,617,298,1890,3385,1400,4501,885,1208,1660,3348,1636,165,232,763,894,1280,1246,696,309,664,774,939,2999,613,1233,1103,1170,1001,1187,1302
2374,816,1092,1548,1069,688,1762,2301,1373,1884,4919,4485,5998,5103,1434,594,724,736,845,1712,1615,2880,5093,1460,992,2111,5689,3830,1052,827,545,541,2017,1746,996,599,874,1250,949,4631,1007,1469,1279,1014,1454,2182,1252
1680,650,884,1179,843,657,1508,1956,1069,1816,4427,3972,4876,3997,1362,560,628,955,635,1515,1708,2979,4692,1148,1031,2098,5569,3302,771,862,522,509,1899,1495,858,586,1006,1375,1276,4662,803,1741,1034,1306,1380,2036,1220
1944,621,1218,1337,752,706,1509,1571,1046,1729,4335,4181,5586,5195,1874,627,755,895,765,1542,1400,3095,4903,1383,1032,2115,6358,3710,945,847,474,487,1902,1743,906,605,807,1436,1624,4658,1073,2001,1182,1542,1803,2179,1038
2364,522,1109,980,644,657,1309,1126,812,1362,3805,3436,4651,4421,1645,480,671,569,580,1283,879,2167,3854,1086,783,1550,5065,3113,796,570,339,362,1416,1238,729,405,597,1038,1019,3203,718,1330,897,998,1160,1556,782
2856,305,731,578,361,376,788,636,375,1025,2426,2234,2818,2647,977,256,436,386,398,963,541,1323,2209,634,542,1170,3413,2130,467,339,191,208,942,778,466,216,308,718,519,1757,287,814,508,406,614,930,735
3619,205,648,430,256,243,592,448,215,737,2113,1674,2479,1996,727,178,583,329,272,714,597,974,1976,466,532,1129,3486,1896,475,239,137,179,695,755,282,159,249,479,355,1118,147,399,268,260,387,506,595
3604,168,582,341,190,132,428,267,138,578,1726,1187,2077,1804,565,169,624,168,167,547,494,524,1717,536,403,872,3294,1645,458,157,65,121,577,526,143,90,175,402,199,733,66,325,154,116,211,277,450
3048,177,502,166,191,109,246,206,83,365,1243,857,1484,1456,318,116,498,127,154,426,388,307,1477,411,271,885,2941,1341,369,130,25,112,549,454,154,69,135,256,123,447,46,216,90,58,107,134,338
854,206,585,161,171,151,102,143,53,271,900,516,968,1030,137,127,333,84,129,327,221,195,906,246,200,739,2197,1042,278,70,28,62,379,271,142,42,97,191,56,287,24,171,43,27,59,81,196
220,177,372,108,109,80,41,61,27,89,361,170,372,351,29,72,139,48,49,118,123,63,288,138,77,315,759,399,100,30,35,32,188,158,70,9,51,138,23,123,16,71,25,8,14,46,87
103,142,107,54,49,27,22,12,17,40,108,41,144,79,14,50,77,30,29,56,58,22,114,49,36,145,306,144,25,9,11,15,129,86,25,0,25,35,4,55,13,42,21,1,12,12,59
54,81,58,32,30,7,12,3,5,29,62,18,72,31,16,63,23,14,5,14,29,6,65,24,8,74,157,67,12,3,1,13,82,23,3,0,9,11,6,32,1,21,4,0,5,6,44
31,64,38,16,8,9,8,4,5,3,38,17,13,17,2,23,14,12,1,4,14,7,39,9,11,46,92,39,10,0,12,11,38,6,4,1,9,4,3,18,0,14,5,0,7,6,18
7,77,51,7,4,2,0,2,1,6,12,7,14,14,0,9,6,3,0,0,14,3,22,1,6,19,41,16,1,7,4,3,21,4,0,1,8,5,0,5,2,9,2,0,0,0,15
21,28,57,0,11,2,2,2,0,3,4,4,0,3,1,12,0,2,0,1,10,0,11,2,1,7,10,6,2,0,4,0,8,2,1,1,1,0,1,3,0,0,0,0,2,1,9
9,23,33,1,2,1,1,0,2,0,0,6,2,1,0,0,0,0,0,3,1,1,1,1,0,3,2,6,2,0,2,0,1,0,0,0,0,4,0,2,0,0,0,0,0,3,6
3,14,17,0,1,0,1,0,0,0,1,3,0,0,1,0,0,0,0,0,0,2,0,0,1,4,1,3,0,0,1,0,0,0,1,0,0,1,0,4,0,1,0,0,0,1,4
4,7,2,0,0,0,1,0,0,0,0,1,0,0,0,0,0,0,1,0,1,0,0,0,0,1,1,0,0,0,0,0,0,0,0,0,0,1,0,3,0,0,0,0,0,0,1
2,0,0,0,0,0,0,0,1,0,0,1,0,0,0,0,0,0,0,0,0,2,1,0,1,0,2,3,0,0,0,0,0,0,0,0,2,0,0,0,0,0,0,0,0,0,0
2,1,0,0,0,0,0,1,0,0,0,0,1,0,0,0,0,0,0,0,1,2,0,0,0,0,2,1,0,0,0,0,0,0,0,0,0,0,0,0,0,1,2,0,0,0,0
